date,game,blue,red,time(minutes),win,win_team,mvp,pick_blue_1,pick_blue_2,pick_blue_3,pick_blue_4,pick_blue_5,ban_blue_1,ban_blue_2,ban_blue_3,ban_blue_4,ban_blue_5,pick_red_1,pick_red_2,pick_red_3,pick_red_4,pick_red_5,ban_red_1,ban_red_2,ban_red_3,ban_red_4,ban_red_5
1/1/2023,1,BLCK,INC,12.37,BLCK,blue,valentina,benedetta,valentina,kadita,karrie,kaja,fanny,franco,joy,ling,hayabusa,yu_zhong,guinevere,lunox,beatrix,atlas,pharsa,wan_wan,gloo,diggie,estes
1/1/2023,2,MVG,MDH,16.03,MVG,blue,karrie,gloo,fredrinn,yve,karrie,lolita,fanny,joy,valentina,uranus,popol_kupa,lapu_lapu,ling,faramis,claude,chou,kaja,wan_wan,hayabusa,beatrix,brody
1/1/2023,3,INC,FCON,14.28,INC,blue,fredrinn,khaleed,fredrinn,pharsa,wan_wan,estes,fanny,franco,valentina,karrie,lesley,joy,ling,faramis,irithel,lolita,gloo,kaja,grock,lunox,yve
1/1/2023,4,TDK,MVG,11.46,TDK,blue,popol_kupa,lapu_lapu,hayabusa,valentina,popol_kupa,kaja,yve,wan_wan,faramis,grock,estes,uranus,fredrinn,pharsa,karrie,chou,gloo,fanny,joy,beatrix,brody
1/1/2023,5,FCON,BURN,20.21,FCON,blue,harith,fredrinn,fanny,yve,karrie,mathilda,gloo,kaja,valentina,hilda,diggie,lapu_lapu,ling,faramis,harith,grock,gloo,kaja,grock,lunox,yve
1/1/2023,6,ONIC,TDK,16.35,TDK,red,hilda,masha,ling,yve,karrie,hilda,gloo,valentina,joy,hayabusa,akai,fredrinn,fanny,faramis,beatrix,kadita,wan_wan,kaja,lylia,lolita,chou
1/2/2023,7,RSG,OT,21.56,RSG,blue,yve,fredrinn,martis,yve,claude,lolita,joy,karrie,fanny,yu_zhong,faramis,chou,akai,xavier,beatrix,kadita,gloo,kaja,wan_wan,irithel,brody
1/2/2023,8,TV,S11,14.36,TV,blue,thamuz,thamuz,akai,yve,karrie,lolita,fanny,kaja,wan_wan,claude,pharsa,fredrinn,hayabusa,xavier,beatrix,chou,gloo,valentina,joy,roger,grock
1/2/2023,9,RRQ,OT,22.57,RRQ,blue,terizla,gloo,akai,cecilion,lesley,franco,wan_wan,joy,fredrinn,pharsa,estes,terizla,benedetta,xavier,karrie,kadita,kaja,faramis,valentina,yve,fanny
1/2/2023,10,RRQA,TV,14.52,RRQA,blue,benedetta,benedetta,joy,xavier,claude,lolita,chou,kaja,valentina,leomord,grock,lapu_lapu,fredrinn,faramis,karrie,mathilda,fanny,gloo,wan_wan,yve,pharsa
1/2/2023,11,ECHO,RRQ,18.36,ECHO,blue,yve,benedetta,akai,valentina,claude,kaja,wan_wan,diggie,gloo,lapu_lapu,hayabusa,yu_zhong,fredrinn,yve,karrie,kufra,chou,fanny,joy,lolita,ling
1/2/2023,12,THQ,RRQA,15.11,RRQA,red,valentina,gloo,dyrroth,kadita,brody,hilda,fredrinn,martis,benedetta,lolita,kaja,terizla,joy,valentina,claude,chou,fanny,wan_wan,karrie,lesley,atlas
1/3/2023,13,MVG,ONIC,12.31,ONIC,red,franco,gloo,karina,luo_yi,karrie,chou,fanny,joy,pharsa,hilda,xavier,grock,hayabusa,valentina,wan_wan,franco,faramis,yve,kaja,minsitthar,lolita
1/3/2023,14,INC,BURN,18.48,INC,blue,aamon,benedetta,fredrinn,pharsa,wan_wan,estes,fanny,joy,yve,lolita,franco,grock,aamon,faramis,clint,gloo,kaja,valentina,karrie,hayabusa,akai
1/3/2023,15,MDH,ONIC,15.18,ONIC,red,ling,lapu_lapu,benedetta,valentina,karrie,lolita,fanny,kaja,hayabusa,franco,chou,fredrinn,ling,yve,harith,angela,gloo,wan_wan,joy,karina,masha
1/3/2023,16,BURN,BLCK,15.46,BLCK,red,claude,joy,akai,xavier,brody,mathilda,benedetta,valentina,faramis,fredrinn,lapu_lapu,yu_zhong,kaja,yve,claude,angela,gloo,karrie,wan_wan,beatrix,irithel
1/3/2023,17,TDK,MDH,13.38,TDK,blue,beatrix,benedetta,hayabusa,valentina,beatrix,franco,wan_wan,fanny,joy,bruno,lesley,terizla,fredrinn,yve,clint,diggie,gloo,karrie,kaja,popol_kupa,grock
1/3/2023,18,FCON,BLCK,16.18,FCON,blue,faramis,uranus,baxia,xavier,karrie,diggie,gloo,wan_wan,valentina,benedetta,esmeralda,lapu_lapu,martis,faramis,lunox,natalia,fanny,joy,yve,ling,harith
1/3/2023,19,FCON,INC,18.21,FCON,blue,atlas,fredrinn,hayabusa,yve,clint,kaja,gloo,wan_wan,joy,lesley,aamon,lapu_lapu,martis,pharsa,claude,atlas,valentina,fanny,karrie,lolita,grock
1/3/2023,20,BLCK,FCON,14.27,FCON,red,franco,benedetta,aldous,kadita,karrie,mathilda,fanny,faramis,yve,harith,martis,lapu_lapu,granger,valentina,lunox,franco,gloo,wan_wan,joy,pharsa,fredrinn
1/3/2023,21,BLCK,INC,21.11,BLCK,blue,wan_wan,gloo,barats,xavier,wan_wan,lolita,fanny,hayabusa,atlas,aamon,fredrinn,grock,joy,pharsa,beatrix,franco,kaja,valentina,yve,kadita,karrie
1/4/2023,22,RRQA,S11,15.24,S11,red,irithel,grock,joy,kadita,irithel,chou,fanny,wan_wan,karrie,claude,atlas,martis,fredrinn,lunox,beatrix,kaja,valentina,gloo,yve,benedetta,thamuz
1/4/2023,23,OT,ECHO,11.16,ECHO,red,yu_zhong,yu_zhong,ling,yve,harith,chou,wan_wan,karrie,gloo,fanny,joy,lapu_lapu,fredrinn,valentina,beatrix,kaja,akai,faramis,franco,claude,hayabusa
1/4/2023,24,S11,THQ,16.36,THQ,red,chou,gloo,karina,harith,lesley,lolita,fanny,yve,wan_wan,pharsa,martis,yu_zhong,ling,eudora,karrie,chou,valentina,kaja,joy,xavier,mathilda
1/4/2023,25,ECHO,RSG,15.05,ECHO,blue,chou,grock,fanny,valentina,karrie,chou,diggie,kaja,martis,harith,claude,benedetta,fredrinn,pharsa,beatrix,lolita,joy,wan_wan,yve,yu_zhong,akai
1/4/2023,26,TV,THQ,13.37,THQ,red,hilda,dyrroth,ling,kadita,wan_wan,hilda,fanny,diggie,gloo,chou,franco,grock,akai,yve,irithel,lolita,kaja,martis,joy,claude,karrie
1/4/2023,27,RRQ,RSG,18.01,RRQ,blue,karrie,lapu_lapu,fredrinn,yve,karrie,kufra,kaja,martis,benedetta,lolita,hayabusa,gloo,ling,valentina,beatrix,chou,joy,wan_wan,fanny,atlas,kadita
1/7/2023,28,FCON,ONIC,15.25,ONIC,red,hayabusa,yu_zhong,hayabusa,lylia,beatrix,kaja,faramis,valentina,joy,atlas,natalia,lapu_lapu,fredrinn,yve,karrie,kufra,gloo,fanny,wan_wan,harith,lunox
1/7/2023,29,FCON,ONIC,18.06,ONIC,red,karrie,uranus,fanny,kagura,harith,atlas,joy,yve,wan_wan,hayabusa,ling,gloo,martis,kadita,karrie,kaja,faramis,natalia,valentina,lapu_lapu,grock
1/7/2023,30,FCON,ONIC,13.09,ONIC,red,lylia,grock,hayabusa,lylia,wan_wan,mathilda,faramis,valentina,joy,ling,lunox,gloo,martis,pharsa,irithel,natalia,kaja,fanny,yve,kadita,rafaela
1/7/2023,31,ECHO,THQ,24.06,ECHO,blue,karrie,lapu_lapu,grock,pharsa,karrie,chou,diggie,kaja,gloo,ling,martis,yu_zhong,dyrroth,yve,irithel,hilda,valentina,wan_wan,joy,hayabusa,fanny
1/7/2023,32,ECHO,THQ,12.21,ECHO,blue,karrie,grock,fredrinn,kadita,karrie,kufra,kaja,gloo,yve,harith,claude,yu_zhong,fanny,eudora,moskov,chou,wan_wan,valentina,joy,lapu_lapu,martis
1/7/2023,33,ECHO,THQ,16.05,THQ,red,joy,lapu_lapu,joy,kadita,claude,hilda,yve,kaja,chou,grock,kufra,yu_zhong,valentina,akai,beatrix,natalia,wan_wan,gloo,karrie,harith,ling
1/7/2023,34,ECHO,THQ,18.20,THQ,red,ling,yu_zhong,yi_sun_shin,yve,harith,ruby,kaja,gloo,joy,hilda,hayabusa,phoveus,ling,valentina,claude,chou,karrie,wan_wan,grock,martis,kufra
1/7/2023,35,ECHO,THQ,10.56,ECHO,blue,yve,yu_zhong,fredrinn,yve,brody,kaja,joy,gloo,claude,valentina,harith,chou,ling,xavier,beatrix,hilda,wan_wan,grock,karrie,martis,kufra
1/8/2023,36,TDK,RRQ,13.20,RRQ,red,kadita,popol_kupa,martis,yve,hayabusa,ruby,joy,wan_wan,gloo,claude,lylia,yu_zhong,fanny,kadita,beatrix,hilda,kaja,karrie,valentina,lapu_lapu,kufra
1/8/2023,37,TDK,RRQ,26.42,RRQ,red,hayabusa,yu_zhong,ling,kadita,claude,chou,fanny,joy,gloo,beatrix,brody,grock,hayabusa,yve,harith,hilda,kaja,wan_wan,karrie,valentina,martis
1/8/2023,38,TDK,RRQ,20.35,RRQ,red,ling,lapu_lapu,hayabusa,lylia,karrie,grock,joy,fanny,gloo,angela,lolita,yu_zhong,ling,yve,beatrix,kufra,kaja,wan_wan,hilda,valentina,kadita
1/8/2023,39,RRQA,BLCK,13.21,BLCK,red,estes,benedetta,barats,pharsa,karrie,estes,franco,yve,joy,chou,lolita,yu_zhong,hayabusa,valentina,beatrix,atlas,wan_wan,kadita,gloo,fredrinn,akai
1/8/2023,40,RRQA,BLCK,18.34,BLCK,red,lylia,gloo,leomord,lylia,claude,lolita,kaja,valentina,benedetta,lapu_lapu,grock,paquito,fredrinn,yve,karrie,diggie,wan_wan,joy,franco,ling,pharsa
1/8/2023,41,RRQA,BLCK,13.32,RRQA,blue,lapu_lapu,benedetta,valentina,faramis,beatrix,estes,joy,franco,yve,ling,pharsa,lapu_lapu,baxia,xavier,claude,chou,wan_wan,gloo,karrie,barats,harith
1/8/2023,42,RRQA,BLCK,14.19,BLCK,red,xavier,gloo,baxia,xavier,irithel,chou,karrie,kadita,diggie,barats,harith,benedetta,akai,pharsa,beatrix,estes,wan_wan,joy,yve,claude,ling
1/9/2023,43,RSG,S11,17.13,S11,red,yve,benedetta,granger,yve,brody,grock,valentina,karrie,lolita,claude,lapu_lapu,yu_zhong,martis,lylia,beatrix,chou,joy,wan_wan,gloo,lesley,irithel
1/9/2023,44,RSG,S11,13.19,S11,red,kufra,lapu_lapu,ling,yve,lesley,ruby,joy,chou,wan_wan,grock,atlas,benedetta,paquito,kadita,claude,kufra,lolita,karrie,gloo,martis,kaja
1/9/2023,45,INC,MDH,12.23,INC,blue,martis,grock,martis,valentina,lesley,estes,fanny,karrie,gloo,kufra,yve,fredrinn,hayabusa,xavier,claude,lolita,joy,wan_wan,kaja,hilda,akai
1/9/2023,46,INC,MDH,11.32,INC,blue,pharsa,benedetta,aamon,faramis,karrie,kufra,grock,hilda,yve,beatrix,martis,gloo,leomord,pharsa,brody,kaja,wan_wan,fanny,joy,lapu_lapu,hayabusa
1/9/2023,47,TV,BURN,15.49,TV,blue,lylia,grock,ling,yve,harith,atlas,martis,kaja,joy,mathilda,valentina,lapu_lapu,fredrinn,lylia,karrie,lolita,fanny,wan_wan,gloo,benedetta,franco
1/9/2023,48,TV,BURN,15.52,TV,blue,karrie,esmeralda,barats,pharsa,karrie,lolita,fanny,kaja,yve,franco,lunox,lapu_lapu,hayabusa,valentina,claude,grock,wan_wan,gloo,joy,martis,fredrinn
1/9/2023,49,MVG,OT,15.54,OT,red,fanny,lapu_lapu,fanny,valentina,claude,kaja,faramis,luo_yi,wan_wan,yu_zhong,chou,grock,granger,yve,lunox,lolita,gloo,joy,karrie,akai,barats
1/9/2023,50,MVG,OT,21.15,OT,red,ruby,uranus,fredrinn,pharsa,wan_wan,ruby,fanny,joy,kaja,karina,hayabusa,gloo,ling,faramis,lunox,kufra,karrie,luo_yi,yve,atlas,grock
1/10/2023,51,FCON,S11,15.41,FCON,blue,kaja,fredrinn,fanny,valentina,beatrix,kaja,yve,karrie,joy,kadita,brody,benedetta,martis,lunox,irithel,chou,faramis,wan_wan,gloo,harith,lapu_lapu
1/10/2023,52,FCON,S11,11.28,FCON,blue,kaja,yu_zhong,paquito,selena,karrie,kadita,faramis,gloo,fanny,lapu_lapu,hayabusa,martis,ling,valentina,harith,kaja,wan_wan,joy,yve,chou,kufra
1/10/2023,53,THQ,INC,16.59,THQ,blue,fanny,grock,fanny,valentina,karrie,lolita,kaja,martis,joy,brody,barats,gloo,fredrinn,pharsa,beatrix,estes,wan_wan,yve,yu_zhong,hilda,kadita
1/10/2023,54,THQ,INC,13.17,INC,red,karrie,benedetta,barats,lunox,karrie,estes,fanny,yve,ling,kadita,eudora,grock,joy,faramis,claude,diggie,wan_wan,gloo,pharsa,martis,valentina
1/10/2023,55,THQ,INC,16.26,INC,red,benedetta,yu_zhong,hayabusa,kadita,karrie,lolita,martis,barats,grock,fredrinn,guinevere,benedetta,leomord,pharsa,brody,estes,wan_wan,fanny,yve,ling,hilda
1/10/2023,56,TDK,TV,15.28,TV,red,kufra,lapu_lapu,hayabusa,faramis,karrie,ruby,gloo,yve,lolita,claude,mathilda,joy,fredrinn,valentina,brody,kufra,fanny,wan_wan,kaja,hilda,kadita
1/10/2023,57,TDK,TV,20.15,TV,red,beatrix,joy,barats,faramis,beatrix,lolita,fanny,kaja,wan_wan,benedetta,yu_zhong,esmeralda,ling,valentina,lunox,hilda,yve,gloo,karrie,fredrinn,akai
1/10/2023,58,RRQA,OT,13.21,RRQA,blue,fredrinn,yu_zhong,fredrinn,yve,wan_wan,kufra,fanny,franco,karrie,hayabusa,ling,lapu_lapu,akai,valentina,claude,kaja,joy,benedetta,gloo,grock,chou
1/10/2023,59,RRQA,OT,22.26,RRQA,blue,brody,lapu_lapu,joy,yve,brody,chou,fanny,franco,kaja,mathilda,beatrix,fredrinn,hayabusa,valentina,lunox,hilda,karrie,gloo,wan_wan,benedetta,claude
1/11/2023,60,FCON,INC,15.58,FCON,blue,ling,gloo,ling,kadita,beatrix,kaja,pharsa,estes,joy,grock,lesley,benedetta,martis,yve,brody,rafaela,wan_wan,karrie,fanny,harith,lunox
1/11/2023,61,FCON,INC,19.21,INC,red,beatrix,yu_zhong,hayabusa,lylia,beatrix,kaja,pharsa,wan_wan,estes,joy,benedetta,lapu_lapu,fanny,yve,karrie,grock,faramis,valentina,franco,franco,atlas
1/11/2023,62,FCON,INC,21.43,INC,red,karrie,gloo,ling,yve,beatrix,franco,pharsa,estes,kaja,hayabusa,lylia,grock,leomord,lunox,karrie,atlas,faramis,valentina,wan_wan,harith,martis
1/11/2023,63,FCON,INC,14.09,FCON,blue,gloo,benedetta,leomord,kagura,karrie,estes,pharsa,wan_wan,kaja,lunox,hayabusa,gloo,granger,lylia,harith,lolita,faramis,valentina,kadita,yve,atlas
1/11/2023,64,FCON,INC,16.35,FCON,blue,lapu_lapu,joy,hayabusa,lylia,clint,gloo,pharsa,wan_wan,kaja,estes,beatrix,lapu_lapu,ling,valentina,lunox,chou,faramis,harith,karrie,martis,atlas
1/11/2023,65,RRQ,BLCK,20.37,RRQ,blue,joy,joy,fanny,faramis,claude,hilda,kaja,benedetta,yve,barats,baxia,gloo,fredrinn,pharsa,brody,estes,wan_wan,franco,karrie,kadita,harith
1/11/2023,66,RRQ,BLCK,12.36,BLCK,red,brody,lapu_lapu,lancelot,valentina,karrie,hilda,kaja,benedetta,yve,barats,aldous,gloo,fredrinn,pharsa,brody,estes,wan_wan,franco,joy,fanny,ling
1/11/2023,67,RRQ,BLCK,22.58,BLCK,red,fredrinn,grock,fanny,yve,lunox,kufra,benedetta,pharsa,karrie,barats,mathilda,gloo,fredrinn,valentina,claude,lolita,wan_wan,franco,joy,harith,kaja
1/11/2023,68,RRQ,BLCK,16.40,RRQ,blue,ling,benedetta,aldous,pharsa,harith,estes,wan_wan,gloo,karrie,fredrinn,brody,yu_zhong,ling,lunox,beatrix,kaja,franco,joy,yve,fanny,claude
1/11/2023,69,RRQ,BLCK,24.00,BLCK,red,claude,yu_zhong,ling,kadita,beatrix,kaja,gloo,karrie,yve,fredrinn,lolita,benedetta,barats,pharsa,claude,estes,wan_wan,joy,franco,lunox,harith
1/12/2023,70,TV,RRQA,14.11,TV,blue,karina,joy,martis,pharsa,claude,mathilda,wan_wan,kaja,benedetta,chou,yu_zhong,grock,karina,yve,karrie,kufra,gloo,lolita,barats,fredrinn,thamuz
1/12/2023,71,TV,RRQA,20.05,RRQA,red,karrie,grock,akai,pharsa,karrie,chou,wan_wan,benedetta,kaja,ling,lapu_lapu,yu_zhong,granger,yve,harith,kufra,gloo,lolita,joy,barats,beatrix
1/12/2023,72,TV,RRQA,13.31,TV,blue,karina,thamuz,karina,yve,claude,lolita,kaja,benedetta,karrie,lesley,ling,lapu_lapu,fredrinn,valentina,beatrix,grock,joy,wan_wan,gloo,barats,esmeralda
1/12/2023,73,TV,RRQA,12.43,TV,blue,claude,yu_zhong,martis,yve,harith,chou,wan_wan,benedetta,kaja,lesley,ling,lapu_lapu,fredrinn,lylia,claude,grock,gloo,joy,karrie,lolita,pharsa
1/12/2023,74,ONIC,ECHO,23.06,ECHO,red,joy,joy,fredrinn,xavier,melissa,kaja,wan_wan,karrie,yve,beatrix,harith,grock,granger,valentina,lunox,kufra,kadita,gloo,fanny,hayabusa,ling
1/12/2023,75,ONIC,ECHO,20.48,ONIC,blue,hayabusa,yu_zhong,chou,pharsa,karrie,kufra,wan_wan,joy,fredrinn,valentina,faramis,lapu_lapu,hayabusa,yve,moskov,kaja,kadita,fanny,gloo,harith,claude
1/12/2023,76,ONIC,ECHO,11.14,ECHO,red,chou,dyrroth,fredrinn,faramis,claude,chou,wan_wan,karrie,yve,joy,yu_zhong,gloo,barats,valentina,lesley,kaja,fanny,hayabusa,ling,harith,martis
1/12/2023,77,ONIC,ECHO,21.37,ECHO,red,beatrix,dyrroth,fredrinn,lylia,beatrix,chou,wan_wan,karrie,yve,harith,lesley,gloo,joy,faramis,claude,mathilda,fanny,hayabusa,ling,aamon,martis
1/13/2023,78,RRQ,FCON,20.22,RRQ,blue,joy,joy,martis,lunox,melissa,grock,faramis,kadita,kaja,claude,harith,gloo,fredrinn,valentina,clint,franco,wan_wan,karrie,yve,beatrix,hayabusa
1/13/2023,79,RRQ,FCON,18.16,RRQ,blue,fredrinn,martis,granger,lylia,harith,kaja,wan_wan,faramis,kadita,valentina,pharsa,gloo,fredrinn,lunox,beatrix,grock,joy,yve,karrie,hayabusa,ling
1/13/2023,80,RRQ,FCON,18.32,FCON,red,beatrix,joy,fredrinn,lunox,claude,kufra,faramis,kadita,kaja,harith,hayabusa,gloo,martis,valentina,beatrix,franco,wan_wan,karrie,grock,hilda,melissa
1/13/2023,81,RRQ,FCON,18.15,FCON,red,beatrix,joy,fredrinn,lunox,claude,kufra,faramis,kadita,kaja,harith,hayabusa,gloo,martis,valentina,beatrix,franco,wan_wan,grock,karrie,hilda,melissa
1/13/2023,82,RRQ,FCON,13.40,RRQ,blue,lolita,gloo,fredrinn,pharsa,beatrix,lolita,faramis,kadita,franco,fanny,hayabusa,uranus,granger,valentina,lunox,kaja,wan_wan,grock,karrie,hilda,yve
1/13/2023,83,ONIC,TV,24.33,TV,red,barats,benedetta,karina,yve,moskov,grock,lolita,fredrinn,joy,mathilda,lylia,gloo,barats,valentina,karrie,kufra,fanny,hayabusa,wan_wan,lesley,kaja
1/13/2023,84,ONIC,TV,21.25,ONIC,blue,moskov,grock,karina,yve,moskov,chou,lolita,fredrinn,joy,mathilda,valentina,gloo,barats,lylia,karrie,kufra,fanny,wan_wan,hayabusa,kaja,lesley
1/13/2023,85,ONIC,TV,16.11,ONIC,blue,beatrix,grock,barats,lylia,karrie,lolita,fanny,hayabusa,wan_wan,kaja,kadita,gloo,ling,faramis,beatrix,chou,joy,fredrinn,yve,karina,valentina
1/13/2023,86,ONIC,TV,17.27,ONIC,blue,grock,gloo,martis,valentina,wan_wan,chou,fanny,hayabusa,ling,karina,benedetta,grock,lunox,faramis,karrie,lolita,joy,fredrinn,yve,kufra,akai
1/13/2023,87,ECHO,BLCK,13.55,ECHO,blue,yve,dyrroth,hilda,fredrinn,harith,yve,benedetta,pharsa,joy,valentina,barats,gloo,xavier,diggie,claude,baxia,wan_wan,karrie,kaja,franco,grock
1/13/2023,88,ECHO,BLCK,17.03,BLCK,red,beatrix,dyrroth,fredrinn,faramis,claude,estes,benedetta,pharsa,joy,harith,valentina,gloo,kaja,xavier,beatrix,diggie,wan_wan,karrie,yve,hilda,franco
1/13/2023,89,ECHO,BLCK,18.38,ECHO,blue,karrie,joy,fredrinn,faramis,karrie,lolita,benedetta,pharsa,diggie,xavier,valentina,gloo,kaja,lunox,beatrix,estes,wan_wan,yve,chou,franco,valir
1/13/2023,90,ECHO,BLCK,16.06,BLCK,red,valentina,lapu_lapu,barats,valentina,karrie,lolita,chou,fredrinn,kaja,franco,ruby,yu_zhong,ling,yve,harith,grock,wan_wan,benedetta,pharsa,gloo,joy
1/13/2023,91,ECHO,BLCK,12.33,BLCK,red,gloo,joy,grock,lylia,karrie,lolita,benedetta,pharsa,diggie,harith,claude,gloo,fredrinn,yve,brody,estes,wan_wan,chou,kaja,valentina,xavier
1/14/2023,92,RRQ,ONIC,19.06,RRQ,blue,beatrix,paquito,fredrinn,yve,beatrix,kaja,faramis,fanny,karrie,yu_zhong,claude,masha,hayabusa,lylia,harith,hilda,wan_wan,joy,gloo,grock,franco
1/14/2023,93,RRQ,ONIC,14.23,RRQ,blue,baxia,grock,fanny,faramis,beatrix,jawhead,wan_wan,fredrinn,kaja,chou,lolita,terizla,baxia,valentina,karrie,hilda,joy,gloo,yve,hayabusa,yu_zhong
1/14/2023,94,RRQ,ONIC,21.43,RRQ,blue,karrie,yu_zhong,akai,yve,melissa,chou,wan_wan,fredrinn,fanny,moskov,karrie,grock,martis,faramis,karrie,kaja,joy,gloo,hilda,hayabusa,ling
1/14/2023,95,ECHO,RRQ,15.58,ECHO,blue,yu_zhong,lapu_lapu,martis,yve,beatrix,grock,chou,fredrinn,karrie,valentina,pharsa,yu_zhong,barats,kadita,harith,kaja,wan_wan,joy,gloo,lolita,franco
1/14/2023,96,ECHO,RRQ,13.54,RRQ,red,brody,grock,chou,valentina,karrie,hilda,joy,gloo,kaja,beatrix,claude,yu_zhong,karina,yve,brody,diggie,wan_wan,fredrinn,kadita,pharsa,fanny
1/14/2023,97,ECHO,RRQ,16.09,ECHO,blue,lapu_lapu,lapu_lapu,akai,pharsa,karrie,atlas,joy,gloo,kaja,karina,diggie,yu_zhong,hayabusa,yve,beatrix,grock,wan_wan,fredrinn,kadita,chou,barats
1/14/2023,98,ECHO,RRQ,18.35,ECHO,blue,lapu_lapu,gloo,karina,faramis,irithel,franco,kaja,yve,fredrinn,atlas,barats,lapu_lapu,akai,pharsa,claude,chou,wan_wan,joy,karrie,brody,beatrix
1/15/2023,99,BLCK,ECHO,14.41,ECHO,red,yve,benedetta,pharsa,mathilda,barats,harith,chou,fredrinn,kaja,beatrix,brody,lapu_lapu,lolita,akai,lunox,yve,wan_wan,karrie,gloo,estes,diggie
1/15/2023,100,BLCK,ECHO,14.12,ECHO,red,gloo,grock,barats,pharsa,brody,franco,chou,kaja,yve,harith,atlas,joy,fredrinn,valentina,beatrix,lolita,wan_wan,karrie,estes,lapu_lapu,claude
1/15/2023,101,BLCK,ECHO,13.53,ECHO,red,lapu_lapu,lapu_lapu,fredrinn,gusion,brody,kaja,chou,wan_wan,yve,kadita,harith,yu_zhong,baxia,pharsa,karrie,lolita,diggie,estes,gloo,barats,akai
1/15/2023,102,BLCK,ECHO,17.15,ECHO,red,xavier,benedetta,barats,yve,beatrix,diggie,chou,kaja,pharsa,valentina,harith,gloo,fredrinn,xavier,lunox,hilda,wan_wan,estes,karrie,lapu_lapu,brody
2/17/2023,103,BLCK,ECHO,11.30,ECHO,red,atlas,lapu_lapu,granger,valentina,moskov,faramis,wan_wan,chou,joy,franco,brody,gloo,fredrinn,pharsa,beatrix,atlas,diggie,estes,kaja,lolita,hanzo
2/17/2023,104,ECHO,BLCK,24.41,ECHO,blue,moskov,joy,barats,yve,brody,valir,diggie,estes,kaja,lolita,claude,gloo,fredrinn,valentina,moskov,faramis,wan_wan,chou,pharsa,kadita,franco
2/17/2023,105,TNC,NXPE,15.07,NXPE,red,ruby,edith,hayabusa,valentina,harith,mathilda,fredrinn,kaja,faramis,chou,martis,gloo,karina,kadita,karrie,ruby,joy,wan_wan,fanny,claude,atlas
2/17/2023,106,NXPE,TNC,28.37,NXPE,blue,karrie,yu_zhong,fredrinn,kagura,karrie,lolita,fanny,paquito,kaja,brody,hanzo,benedetta,martis,faramis,zilong,kadita,wan_wan,joy,valentina,selena,grock
2/18/2023,107,ECHO,BREN,17.09,ECHO,blue,benedetta,benedetta,fredrinn,kadita,lunox,akai,fanny,gloo,kaja,claude,harith,dyrroth,paquito,pharsa,natan,edith,wan_wan,chou,joy,atlas,brody
2/18/2023,108,BREN,ECHO,17.15,ECHO,red,harith,gloo,paquito,pharsa,natan,edith,kadita,chou,fredrinn,benedetta,barats,yu_zhong,ling,valentina,harith,kaja,fanny,wan_wan,joy,faramis,hayabusa
2/18/2023,109,OMG,ONIC_PH,15.07,ONIC_PH,red,brody,gloo,hayabusa,xavier,moskov,ruby,faramis,valentina,joy,hilda,lapu_lapu,terizla,fredrinn,yve,brody,natalia,fanny,wan_wan,kadita,lylia,pharsa
2/18/2023,110,OMG,ONIC_PH,16.10,OMG,blue,karrie,grock,hayabusa,valentina,karrie,jawhead,wan_wan,joy,gloo,natalia,lapu_lapu,fredrinn,martis,pharsa,claude,ruby,fanny,faramis,yve,kaja,brody
2/18/2023,111,OMG,ONIC_PH,16.12,ONIC_PH,red,kaja,fredrinn,hayabusa,kadita,brody,ruby,faramis,joy,gloo,martis,terizla,grock,karina,valentina,claude,kaja,fanny,wan_wan,yve,melissa,lapu_lapu
2/18/2023,112,BLCK,TNC,18.10,BLCK,blue,brody,lapu_lapu,fredrinn,faramis,brody,estes,kadita,kaja,natalia,chou,franco,benedetta,hanzo,lylia,claude,ruby,wan_wan,joy,valentina,barats,akai
2/18/2023,113,TNC,BLCK,22.50,BLCK,red,valentina,joy,hayabusa,pharsa,claude,kufra,diggie,estes,kaja,fredrinn,khalid,lapu_lapu,guinevere,valentina,brody,faramis,wan_wan,fanny,franco,hanzo,ling
2/19/2023,114,RSG_PH,ONIC_PH,28.42,RSG_PH,blue,beatrix,gloo,fredrinn,kadita,beatrix,chou,natalia,kaja,faramis,akai,martis,lapu_lapu,grock,valentina,brody,diggie,fanny,wan_wan,joy,hayabusa,melissa
2/19/2023,115,ONIC_PH,RSG_PH,20.08,RSG_PH,red,melissa,terizla,martis,valentina,beatrix,ruby,fanny,kadita,faramis,benedetta,yu_zhong,thamuz,fredrinn,pharsa,melissa,chou,wan_wan,joy,gloo,natalia,kaja
2/19/2023,116,OMG,BREN,14.35,BREN,red,kufra,lapu_lapu,fredrinn,valentina,claude,hilda,wan_wan,joy,fanny,natan,karrie,gloo,hayabusa,pharsa,beatrix,kufra,kadita,kaja,yve,ruby,grock
2/19/2023,117,BREN,OMG,13.35,BREN,blue,kufra,fredrinn,fanny,faramis,harith,kufra,kadita,kaja,yve,hayabusa,rubby,grock,martis,valentina,moskov,franco,wan_wan,joy,gloo,beatrix,lolita
2/24/2023,118,OMG,RSG_PH,11.30,OMG,blue,harith,fredrinn,hayabusa,valentina,harith,ruby,kaja,kadita,joy,kufra,hilda,gloo,martis,pharsa,moskov,chou,wan_wan,fanny,faramis,beatrix,brody
2/24/2023,119,RSG_PH,OMG,24.41,OMG,red,harith,yu_zhong,fredrinn,valentina,karrie,franco,faramis,fanny,kaja,hayabusa,ling,lapu_lapu,lancelot,pharsa,harith,kufra,wan_wan,joy,kadita,melissa,beatrix
2/24/2023,120,NXPE,BREN,15.07,BREN,red,melissa,benedetta,martis,faramis,karrie,kadita,fanny,kaja,yve,ling,atlas,lapu_lapu,fredrinn,valentina,melissa,diggie,wan_wan,joy,gloo,ruby,beatrix
2/24/2023,121,BREN,NXPE,28.37,BREN,blue,karrie,lapu_lapu,hayabusa,valentina,karrie,ruby,kadita,kaja,gloo,hilda,yve,yu_zhong,fredrinn,kagura,brody,chou,wan_wan,fanny,joy,harith,kufra
2/25/2023,122,RSG_PH,TNC,17.09,RSG_PH,blue,chou,benedetta,fredrinn,valentina,beatrix,franco,kaja,natalia,kadita,gloo,hanzo,lapu_lapu,martis,pharsa,karrie,ruby,wan_wan,joy,faramis,ling,yu_zhong
2/25/2023,123,TNC,RSG_PH,17.15,RSG_PH,red,melissa,lapu_lapu,fredrinn,faramis,beatrix,grock,kaja,yve,valentina,yu_zhong,esmeralda,edith,barats,pharsa,melissa,chou,wan_wan,joy,kadita,claude,natalia
2/25/2023,124,ECHO,ONIC_PH,15.07,ECHO,blue,julian,yu_zhong,fredrinn,julian,melissa,kadita,diggie,faramis,kaja,claude,natalia,lapu_lapu,akai,valentina,karrie,ruby,wan_wan,chou,joy,atlas,kufra
2/25/2023,125,ECHO,ONIC_PH,16.10,ONIC_PH,red,pharsa,lapu_lapu,fredrinn,valentina,melissa,kufra,diggie,faramis,kaja,natalia,franco,yu_zhong,karina,pharsa,brody,ruby,wan_wan,chou,joy,kadita,atlas
2/25/2023,126,ECHO,ONIC_PH,16.12,ECHO,blue,fredrinn,lapu_lapu,fredrinn,pharsa,karrie,atlas,diggie,faramis,kaja,lunox,harith,yu_zhong,karina,yve,brody,natalia,wan_wan,chou,joy,mathilda,rafaela
2/25/2023,127,BLCK,OMG,18.10,BLCK,blue,diggie,gloo,fredrinn,valentina,brody,diggie,fanny,kaja,melissa,ling,hayabusa,lapu_lapu,lancelot,pharsa,beatrix,hilda,estes,joy,wan_wan,benedetta,paquito
2/25/2023,128,OMG,BLCK,22.50,BLCK,red,lolita,joy,hanzo,pharsa,melissa,kufra,estes,diggie,fredrinn,barats,brody,gloo,alice,valentina,moskov,lolita,fanny,wan_wan,kaja,ling,hayabusa
2/26/2023,129,BREN,TNC,28.42,BREN,blue,atlas,hilda,karina,faramis,claude,kufra,kaja,kadita,fredrinn,martis,diggie,gloo,chou,valentina,melissa,gloo,wan_wan,joy,fanny,yu_zhong,hayabusa
2/26/2023,130,TNC,BREN,20.08,BREN,red,diggie,gloo,fanny,faramis,moskov,diggie,kaja,kadita,edith,harith,yu_zhong,grock,hayabusa,valentina,karrie,franco,grock,hayabusa,valentina,karrie,franco
2/26/2023,131,ONIC_PH,NXPE,14.35,ONIC_PH,blue,brody,yu_zhong,martis,valentina,beatrix,kaja,faramis,natalia,yve,lapu_lapu,gloo,thamuz,fredrinn,pharsa,brody,ruby,wan_wan,joy,kadita,akai,karrie
2/26/2023,132,ONIC_PH,NXPE,13.35,NXPE,red,valentina,yu_zhong,baxia,valentina,karrie,lolita,faramis,natalia,yve,lapu_lapu,brody,dyrroth,fredrinn,pharsa,claude,ruby,wan_wan,joy,kadita,chou,akai
2/26/2023,133,ONIC_PH,NXPE,11.30,ONIC_PH,blue,fredrinn,benedetta,akai,valentina,melissa,lolita,faramis,natalia,diggie,yve,pharsa,yu_zhong,fredrinn,xavier,karrie,ruby,wan_wan,joy,kadita,claude,gloo
3/3/2023,134,BLCK,ONIC_PH,24.41,ONIC_PH,red,karrie,joy,akai,faramis,karrie,ruby,diggie,estes,valentina,lolita,mathilda,benedetta,fredrinn,pharsa,melissa,yve,wan_wan,franco,kaja,kadita,natalia
3/3/2023,135,ONIC_PH,BLCK,15.07,BLCK,red,melissa,yu_zhong,akai,valentina,brody,ruby,diggie,estes,joy,yve,faramis,gloo,fredrinn,pharsa,melissa,lolita,wan_wan,kaja,karrie,natalia,franco
3/3/2023,136,BLCK,ONIC_PH,28.37,BLCK,blue,faramis,joy,fredrinn,pharsa,brody,faramis,franco,kaja,natalia,yu_zhong,gloo,lapu_lapu,martis,valentina,melissa,lolita,diggie,estes,wan_wan,alice,yve
3/3/2023,137,TNC,ECHO,17.09,ECHO,red,hayabusa,yu_zhong,hayabusa,gloo,claude,kadita,faramis,fanny,kaja,karina,akai,benedetta,martis,pharsa,melissa,diggie,wan_wan,joy,fredrinn,hilda,franco
3/3/2023,138,TNC,ECHO,17.15,ECHO,red,chou,yu_zhong,fredrinn,pharsa,natan,chou,fanny,faramis,diggie,franco,hanzo,lapu_lapu,martis,valentina,karrie,lolita,wan_wan,joy,kaja,melissa,brody
3/4/2023,139,OMG,NXPE,15.07,NXPE,red,akai,fredrinn,arlott,yve,beatrix,kadita,kaja,karrie,yu_zhong,martis,lolita,lapu_lapu,akai,pharsa,melissa,diggie,wan_wan,joy,fanny,claude,harith
3/4/2023,140,NXPE,OMG,16.10,NXPE,blue,beatrix,yu_zhong,fredrinn,valentina,beatrix,lolita,wan_wan,joy,kaja,melissa,benedetta,lapu_lapu,lancelot,pharsa,karrie,diggie,fanny,faramis,yve,akai,gloo
3/4/2023,141,ONIC_PH,TNC,16.12,TNC,red,diggie,lapu_lapu,fredrinn,yve,beatrix,franco,fanny,kadita,faramis,martis,gloo,yu_zhong,chou,pharsa,melissa,diggie,wan_wan,joy,kaja,claude,natalia
3/4/2023,142,ONIC_PH,TNC,18.10,TNC,red,hanzo,gloo,chou,pharsa,karrie,lolita,fanny,kadita,diggie,kufra,yu_zhong,fredrinn,hanzo,valentina,claude,grock,wan_wan,joy,kaja,karina,martis
3/4/2023,143,BREN,RSG_PH,22.50,BREN,blue,ruby,gloo,hayabusa,faramis,karrie,ruby,kadita,kaja,melissa,edith,lolita,dyrroth,fredrinn,valentina,beatrix,franco,wan_wan,joy,fanny,kufra,gloo
3/4/2023,144,RSG_PH,BREN,28.42,BREN,red,diggie,fredrinn,arlott,pharsa,claude,kufra,fanny,faramis,gloo,hayabusa,akai,lapu_lapu,kaja,valentina,melissa,diggie,wan_wan,kadita,joy,atlas,edith
3/5/2023,145,ECHO,NXPE,20.08,ECHO,blue,yu_zhong,yu_zhong,fredrinn,julian,claude,chou,diggie,faramis,kaja,harith,karrie,lapu_lapu,akai,pharsa,beatrix,lolita,wan_wan,joy,kadita,valentina,yve
3/5/2023,146,ECHO,NXPE,14.35,ECHO,blue,chou,benedetta,fredrinn,valentina,harith,chou,diggie,faramis,kaja,karina,rubby,yu_zhong,martis,pharsa,melissa,kufra,wan_wan,joy,kadita,lapu_lapu,kufra
3/5/2023,147,RSG_PH,BLCK,13.35,RSG_PH,blue,hayabusa,gloo,hayabusa,joy,melissa,kufra,diggie,faramis,estes,alice,lapu_lapu,benedetta,kaja,valentina,karrie,lolita,wan_wan,kadita,franco,chou,ling
3/5/2023,148,BLCK,RSG_PH,11.30,RSG_PH,red,lolita,benedetta,kaja,faramis,brody,estes,kadita,franco,melissa,ling,hayabusa,arlott,fredrinn,valentina,claude,lolita,wan_wan,diggie,joy,gloo,barats
3/10/2023,149,BREN,BLCK,24.41,BREN,blue,lolita,arlott,fredrinn,julian,wan_wan,lolita,estes,diggie,akai,faramis,pharsa,joy,alice,valentina,melissa,mathilda,gloo,fanny,yve,kadita,kaja
3/10/2023,150,BREN,BLCK,15.07,BREN,blue,valentina,dyrroth,fredrinn,valentina,wan_wan,ruby,akai,pharsa,diggie,faramis,yve,joy,baxia,xavier,melissa,lolita,fanny,kufra,grock,kaja,gloo
3/10/2023,151,ECHO,OMG,28.37,ECHO,blue,akai,yu_zhong,akai,gusion,karrie,kadita,kaja,faramis,diggie,yve,valentina,gloo,fanny,pharsa,harith,chou,fredrinn,melissa,wan_wan,joy,brody
3/10/2023,152,ECHO,OMG,17.09,OMG,red,beatrix,lapu_lapu,julian,kadita,melissa,kaja,harith,claude,joy,fanny,wan_wan,gloo,lancelot,valentina,beatrix,chou,yu_zhong,benedetta,hayabusa,fredrinn,faramis
3/10/2023,153,ECHO,OMG,17.15,ECHO,blue,fredrinn,lapu_lapu,fredrinn,pharsa,brody,kaja,melissa,diggie,fanny,hanzo,faramis,yu_zhong,martis,valentina,beatrix,ruby,hariht,chou,claude,wan_wan,joy
3/11/2023,154,RSG_PH,NXPE,15.07,NXPE,red,claude,benedetta,fredrinn,kadita,harith,chou,melissa,karrie,diggie,ruby,kaja,yu_zhong,akai,valentina,claude,lolita,wan_wan,gloo,joy,beatrix,brody
3/11/2023,155,RSG_PH,NXPE,16.10,RSG_PH,blue,melissa,fredrinn,arlott,pharsa,melissa,ruby,kaja,lapu_lapu,akai,diggie,yu_zhong,benedetta,martis,valentina,claude,chou,franco,kufra,wan_wan,gloo,joy
3/11/2023,156,NXPE,RSG_PH,16.12,RSG_PH,red,yu_zhong,lapu_lapu,akai,valentina,karrie,franco,arlott,gloo,kadita,melissa,diggie,yu_zhong,martis,pharsa,claude,kaja,joy,kufra,fredrinn,wan_wan,beatrix
3/11/2023,157,OMG,TNC,18.10,OMG,blue,beatrix,gloo,fredrinn,pharsa,beatrix,chou,diggie,faramis,natalia,hayabusa,fanny,arlott,ling,kadita,claude,grock,joy,harith,kaja,wan_wan,lancelot
3/11/2023,158,TNC,OMG,22.50,OMG,red,moskov,arlott,julian,hilda,melissa,diggie,kaja,gloo,harith,franco,beatrix,lapu_lapu,fredrinn,pharsa,moskov,chou,joy,fanny,faramis,yve,wan_wan
3/11/2023,159,ONIC_PH,BREN,28.42,BREN,red,valentina,arlott,fredrinn,pharsa,harith,ruby,fanny,gloo,diggie,hayabusa,lolita,lapu_lapu,akai,valentina,karrie,kufra,wan_wan,joy,melissa,faramis,brody
3/11/2023,160,ONIC_PH,BREN,20.08,BREN,red,atlas,terizla,fredrinn,pharsa,beatrix,ruby,fanny,gloo,diggie,akai,hayabusa,lapu_lapu,martis,valentina,claude,atlas,wan_wan,joy,faramis,arlott,brody
3/12/2023,161,NXPE,BLCK,14.35,BLCK,red,fredrinn,gloo,akai,valentina,beatrix,chou,diggie,faramis,joy,brody,benedetta,arlott,fredrinn,pharsa,melissa,estes,kaja,kadita,wan_wan,claude,lolita
3/12/2023,162,BLCK,NXPE,13.35,BLCK,blue,estes,arlott,fredrinn,valentina,harith,estes,kaja,kadita,yu_zhong,akai,gloo,lapu_lapu,karina,pharsa,claude,lolita,diggie,wan_wan,joy,brody,melissa
3/12/2023,163,RSG_PH,ECHO,11.30,RSG_PH,blue,lolita,paquito,fredrinn,yve,melissa,lolita,chou,akai,yu_zhong,gloo,lapu_lapu,benedetta,barats,faramis,claude,kaja,wan_wan,joy,valentina,pharsa,arlott
3/12/2023,164,RSG_PH,ECHO,24.41,RSG_PH,blue,lancelot,lapu_lapu,lancelot,valentina,brody,franco,akai,joy,chou,gloo,diggie,masha,kaja,pharsa,melissa,atlas,wan_wan,yu_zhong,fredrinn,lolita,arlott
3/17/2023,165,ECHO,BLCK,15.07,ECHO,blue,yu_zhong,yu_zhong,lancelot,pharsa,claude,valir,diggie,estes,joy,melissa,brody,arlott,alice,valentina,moskov,faramis,chou,fredrinn,wan_wan,akai,kaja
3/17/2023,166,BLCK,ECHO,28.37,BLCK,blue,arlott,arlott,fredrinn,valentina,moskov,diggie,chou,kaja,gloo,claude,kaja,lapu_lapu,dyrroth,pharsa,karrie,hilda,wan_wan,joy,estes,brody,melissa
3/17/2023,167,ECHO,BLCK,17.09,ECHO,blue,ruby,joy,lancelot,pharsa,claude,ruby,diggie,estes,lolita,melissa,faramis,arlott,alice,valentina,brody,kaja,chou,fredrinn,wan_wan,atlas,kufra
3/17/2023,168,NXPE,TNC,17.15,NXPE,blue,melissa,gloo,paquito,pharsa,melissa,kaja,fanny,diggie,faramis,kufra,atlas,benedetta,akai,valentina,claude,lolita,wan_wan,joy,fredrinn,beatrix,karrie
3/17/2023,169,TNC,NXPE,15.07,TNC,blue,moskov,arlott,fredrinn,yve,moskov,faramis,yu_zhong,gloo,akai,kaja,franco,lapu_lapu,paquito,pharsa,melissa,diggie,wan_wan,fanny,joy,natalia,kadita
3/17/2023,170,NXPE,TNC,16.10,NXPE,blue,pharsa,yu_zhong,fredrinn,pharsa,beatrix,chou,fanny,diggie,faramis,melissa,franco,arlott,akai,valentina,karrie,kaja,wan_wan,joy,gloo,kadita,ruby
3/18/2023,171,BREN,ECHO,16.12,BREN,blue,grock,fredrinn,hayabusa,faramis,claude,grock,yu_zhong,akai,gloo,brody,beatrix,lapu_lapu,lancelot,pharsa,melissa,lolita,wan_wan,fanny,joy,arlott,diggie
3/18/2023,172,ECHO,BREN,18.10,ECHO,blue,valentina,lapu_lapu,valentina,pharsa,karrie,chou,fanny,gloo,diggie,hayabusa,lancelot,yu_zhong,akai,faramis,claude,lolita,wan_wan,joy,fredrinn,brody,beatrix
3/18/2023,173,BREN,ECHO,22.50,BREN,blue,julian,arlott,fredrinn,julian,karrie,kaja,yu_zhong,akai,gloo,pharsa,lancelot,joy,barats,valentina,beatrix,chou,wan_wan,fanny,diggie,melissa,kadita
3/18/2023,174,OMG,ONIC_PH,28.42,ONIC_PH,red,terizla,arlott,fredrinn,yve,moskov,franco,diggie,faramis,joy,karrie,lancelot,terizla,grock,valentina,beatrix,kaja,fanny,wan_wan,claude,harith,gloo
3/18/2023,175,ONIC_PH,OMG,20.08,OMG,red,faramis,yu_zhong,fredrinn,valentina,lunox,natalia,fanny,diggie,yve,kufra,kadita,arlott,lancelot,faramis,brody,chou,wan_wan,joy,kaja,xavier,terizla
3/18/2023,176,OMG,ONIC_PH,14.35,OMG,blue,grock,arlott,fredrinn,valentina,beatrix,grock,diggie,kaja,joy,natalia,rubby,gloo,martis,yve,claude,chou,fanny,wan_wan,lancelot,harith,moskov
3/18/2023,177,BLCK,TNC,13.35,BLCK,blue,paquito,paquito,baxia,valentina,brody,diggie,fanny,franco,gloo,hanzo,estes,lapu_lapu,benedetta,pharsa,melissa,faramis,joy,wan_wan,fredrinn,yu_zhong,arlott
3/18/2023,178,TNC,BLCK,11.30,BLCK,red,melissa,yu_zhong,lancelot,pharsa,moskov,hilda,fredrinn,gloo,joy,valentina,faramis,arlott,grock,yve,melissa,diggie,fanny,wan_wan,claude,hanzo,franco
3/19/2023,179,ONIC_PH,RSG_PH,24.41,RSG_PH,red,karrie,arlott,karina,valentina,brody,ruby,kadita,melissa,lancelot,gloo,yu_zhong,lapu_lapu,martis,pharsa,karrie,kaja,wan_wan,joy,fredrinn,akai,grock
3/19/2023,180,RSG_PH,ONIC_PH,15.07,ONIC_PH,red,faramis,arlott,karina,valentina,claude,lolita,diggie,akai,yve,gloo,natalia,terizla,lancelot,faramis,melissa,kaja,wan_wan,joy,fredrinn,martis,franco
3/19/2023,181,ONIC_PH,RSG_PH,28.37,ONIC_PH,blue,akai,yu_zhong,akai,valentina,karrie,grock,lancelot,melissa,kadita,martis,barats,benedetta,karina,pharsa,beatrix,kaja,wan_wan,joy,fredrinn,natalia,gloo
3/19/2023,182,BREN,OMG,17.09,OMG,red,faramis,lapu_lapu,fredrinn,valentina,claude,grock,kadita,pharsa,gloo,karrie,franco,arlott,lancelot,faramis,beatrix,kaja,wan_wan,fanny,joy,lolita,melissa
3/19/2023,183,OMG,BREN,17.15,BREN,red,hayabusa,fredrinn,fanny,yve,harith,grock,diggie,faramis,joy,akai,kufra,gloo,hayabusa,valentina,beatrix,ruby,wan_wan,kadita,pharsa,melissa,karrie
3/19/2023,184,BREN,OMG,15.07,BREN,blue,beatrix,arlott,ling,kagura,beatrix,gloo,kadita,pharsa,faramis,karrie,yu_zhong,lapu_lapu,lancelot,valentina,claude,chou,wan_wan,joy,fanny,julian,hayabusa
3/24/2023,185,RSG_PH,OMG,16.10,OMG,red,beatrix,esmeralda,fredrinn,valentina,karrie,franco,fanny,kadita,gloo,chou,lapu_lapu,edith,lancelot,pharsa,beatrix,kufra,joy,wan_wan,arlott,claude,yu_zhong
3/24/2023,186,OMG,RSG_PH,16.12,RSG_PH,red,kadita,edith,fredrinn,yve,beatrix,chou,joy,melissa,arlott,gloo,grock,yu_zhong,lancelot,kadita,claude,kaja,wan_wan,fanny,pharsa,hayabusa,akai
3/24/2023,187,RSG_PH,OMG,18.10,OMG,red,arlott,thamuz,lancelot,yve,claude,chou,fanny,pharsa,kadita,akai,hayabusa,arlott,fredrinn,valentina,harith,kaja,wan_wan,joy,melissa,beatrix,karrie
3/24/2023,188,BREN,NXPE,22.50,NXPE,red,yve,benedetta,fredrinn,valentina,melissa,diggie,yu_zhong,gloo,pharsa,paquito,kadita,lapu_lapu,karina,yve,beatrix,franco,fanny,joy,wan_wan,hayabusa,arlott
3/24/2023,189,BREN,NXPE,28.42,BREN,blue,beatrix,gloo,helcurt,valentina,beatrix,lolita,yu_zhong,kaja,yve,hilda,kufra,benedetta,akai,pharsa,claude,chou,fanny,joy,wan_wan,hayabusa,diggie
3/24/2023,190,BREN,NXPE,20.08,BREN,blue,kufra,gloo,ling,pharsa,melissa,kufra,yu_zhong,yve,kaja,franco,kadita,benedetta,hayabusa,valentina,beatrix,grock,fanny,joy,wan_wan,diggie,hilda
3/25/2023,191,TNC,RSG_PH,14.35,RSG_PH,red,kadita,gloo,benedetta,pharsa,beatrix,franco,kaja,arlott,yu_zhong,chou,rubby,paquito,lancelot,kadita,melissa,kufra,wan_wan,fanny,joy,claude,hayabusa
3/25/2023,192,RSG_PH,TNC,13.35,TNC,red,kufra,arlott,fredrinn,valentina,beatrix,chou,diggie,fanny,akai,melissa,karrie,gloo,lancelot,pharsa,lesley,kufra,wan_wan,joy,kaja,kadita,franco
3/25/2023,193,TNC,RSG_PH,11.30,RSG_PH,red,karrie,grock,lancelot,valentina,claude,kufra,kaja,arlott,yu_zhong,franco,fredrinn,gloo,martis,pharsa,karrie,lolita,fanny,wan_wan,joy,kadita,lapu_lapu
3/25/2023,194,ECHO,ONIC_PH,24.41,ECHO,blue,arlott,arlott,fredrinn,pharsa,lesley,franco,diggie,kaja,natalia,karrie,brody,yu_zhong,grock,valentina,claude,lolita,wan_wan,joy,chou,atlas,ruby
3/25/2023,195,ONIC_PH,ECHO,15.07,ECHO,red,pharsa,thamuz,grock,valentina,beatrix,kaja,chou,lancelot,yu_zhong,barats,atlas,arlott,martis,pharsa,claude,kufra,wan_wan,joy,fredrinn,natalia,karrie
3/25/2023,196,OMG,BLCK,28.37,BLCK,red,benedetta,arlott,lancelot,yve,harith,chou,diggie,estes,joy,lolita,mathilda,benedetta,fredrinn,valentina,claude,floryn,fanny,wan_wan,gloo,kaja,beatrix
3/25/2023,197,BLCK,OMG,17.09,BLCK,blue,karrie,lapu_lapu,fredrinn,yve,karrie,estes,fanny,beatrix,lancelot,kaja,franco,arlott,akai,valentina,claude,lolita,diggie,wan_wan,joy,brody,lesley
3/26/2023,198,TNC,BREN,17.15,TNC,blue,kufra,terizla,lancelot,pharsa,wan_wan,kufra,kaja,arlott,valentina,lolita,melissa,yu_zhong,hayabusa,yve,beatrix,grock,gloo,fanny,joy,hilda,lapu_lapu
3/26/2023,199,BREN,TNC,15.07,BREN,blue,arlott,arlott,helcurt,phoveus,melissa,lolita,kaja,pharsa,lancelot,edith,martis,thamuz,joy,kagura,wan_wan,kufra,gloo,fanny,valentina,lunox,julian
3/26/2023,200,TNC,BREN,16.10,TNC,blue,franco,terizla,fanny,lylia,beatrix,franco,kaja,arlott,valentina,helcurt,martis,grock,paquito,joy,brody,kufra,gloo,wan_wan,lancelot,pharsa,kadita
3/26/2023,201,NXPE,ONIC_PH,16.12,ONIC_PH,red,claude,fredrinn,hayabusa,kadita,beatrix,chou,kaja,diggie,natalia,grock,rubby,yu_zhong,martis,pharsa,claude,lolita,joy,wan_wan,valentina,arlott,gloo
3/26/2023,202,ONIC_PH,NXPE,18.10,ONIC_PH,blue,arlott,arlott,grock,valentina,claude,ruby,yu_zhong,kaja,melissa,franco,diggie,gloo,karina,pharsa,beatrix,lolita,wan_wan,joy,fredrinn,terizla,natalia
3/31/2023,203,ONIC_PH,BLCK,22.50,ONIC_PH,blue,valentina,arlott,martis,valentina,beatrix,grock,diggie,estes,alice,faramis,mathilda,joy,baxia,yve,claude,lolita,wan_wan,kaja,fredrinn,franco,ruby
3/31/2023,204,BLCK,ONIC_PH,28.42,BLCK,blue,joy,joy,fredrinn,yve,moskov,floryn,kaja,claude,valentina,franco,rubby,arlott,grock,pharsa,karrie,lolita,diggie,estes,wan_wan,brody,beatrix
3/31/2023,205,ONIC_PH,BLCK,20.08,BLCK,red,karrie,yu_zhong,grock,valentina,brody,chou,diggie,estes,joy,yve,floryn,arlott,fredrinn,pharsa,karrie,lolita,wan_wan,kaja,claude,ruby,franco
3/31/2023,206,ECHO,TNC,14.35,TNC,red,franco,arlott,fredrinn,yve,harith,chou,diggie,fanny,faramis,karrie,claude,gloo,lancelot,pharsa,beatrix,franco,joy,wan_wan,kaja,valentina,kadita
3/31/2023,207,TNC,ECHO,13.35,TNC,blue,lancelot,gloo,lancelot,kagura,beatrix,kufra,kaja,yu_zhong,arlott,atlas,melissa,lapu_lapu,alice,pharsa,claude,chou,wan_wan,fanny,joy,franco,kadita
4/1/2023,208,OMG,NXPE,11.30,NXPE,red,faramis,joy,lancelot,pharsa,beatrix,kaja,melissa,yve,valentina,hayabusa,karina,arlott,fredrinn,faramis,karrie,franco,wan_wan,joy,gloo,kufra,atlas
4/1/2023,209,NXPE,OMG,24.41,OMG,red,alice,benedetta,fredrinn,yve,beatrix,ruby,fanny,kadita,valentina,gloo,lancelot,lapu_lapu,alice,faramis,claude,kaja,joy,arlott,wan_wan,yu_zhong,franco
4/1/2023,210,OMG,NXPE,15.07,OMG,blue,karrie,masha,fredrinn,faramis,karrie,chou,melissa,joy,yve,lancelot,akai,arlott,kaja,lylia,beatrix,diggie,fanny,wan_wan,valentina,kufra,gloo
4/1/2023,211,ONIC_PH,TNC,28.37,ONIC_PH,blue,arlott,arlott,fredrinn,faramis,claude,lolita,fanny,lancelot,gloo,franco,diggie,yu_zhong,grock,pharsa,beatrix,kufra,joy,wan_wan,kaja,natalia,valentina
4/1/2023,212,TNC,ONIC_PH,17.09,ONIC_PH,red,claude,gloo,benedetta,pharsa,lesley,franco,faramis,kaja,joy,ruby,natalia,arlott,fredrinn,yve,claude,lolita,fanny,lancelot,wan_wan,beatrix,karrie
4/1/2023,213,RSG_PH,BREN,17.15,BREN,red,valentina,lapu_lapu,fredrinn,julian,beatrix,franco,gloo,faramis,fanny,akai,diggie,arlott,helcurt,valentina,melissa,atlas,lancelot,wan_wan,kaja,pharsa,yve
4/1/2023,214,RSG_PH,BREN,15.07,BREN,red,helcurt,joy,fredrinn,pharsa,brody,franco,gloo,faramis,fanny,atlas,melissa,arlott,helcurt,valentina,natan,lolita,lancelot,wan_wan,kaja,kadita,kufra
4/2/2023,215,NXPE,ECHO,16.10,ECHO,red,valentina,arlott,baxia,faramis,brody,franco,chou,kadita,yu_zhong,atlas,benedetta,lapu_lapu,akai,valentina,claude,kaja,wan_wan,fredrinn,pharsa,beatrix,karrie
4/2/2023,216,ECHO,NXPE,16.12,NXPE,red,claude,lapu_lapu,joy,valentina,beatrix,kaja,diggie,gloo,fredrinn,franco,brody,lapu_lapu,karina,yve,claude,ruby,chou,wan_wan,yu_zhong,karrie,kufra
4/2/2023,217,ECHO,NXPE,18.10,ECHO,blue,akai,grock,akai,valentina,karrie,kaja,diggie,gloo,fredrinn,franco,kufra,arlott,karina,yve,claude,ruby,wan_wan,chou,yu_zhong,lapu_lapu,benedetta
4/2/2023,218,BLCK,RSG_PH,22.50,BLCK,blue,estes,gloo,fredrinn,valentina,brody,estes,kaja,franco,lancelot,ling,melissa,arlott,martis,kadita,karrie,lolita,diggie,wan_wan,joy,faramis,claude
4/2/2023,219,BLCK,RSG_PH,28.42,BLCK,blue,estes,arlott,baxia,yve,brody,estes,kaja,franco,gloo,ling,lancelot,yu_zhong,fredrinn,valentina,claude,grock,diggie,wan_wan,joy,karrie,melissa
4/14/2023,220,BLCK,BREN,20.08,BREN,red,fanny,lapu_lapu,barats,pharsa,beatrix,estes,gloo,kaja,valentina,melissa,baxia,fredrinn,fanny,yve,brody,lolita,joy,wan_wan,arlott,akai,karrie
4/14/2023,221,BREN,BLCK,14.35,BREN,blue,wan_wan,terizla,baxia,faramis,wan_wan,kaja,arlott,yve,joy,valentina,benedetta,lapu_lapu,fredrinn,xavier,karrie,estes,gloo,fanny,lancelot,helcurt,hayabusa
4/14/2023,222,OMG,ECHO,13.35,ECHO,red,grock,benedetta,fredrinn,faramis,melissa,franco,yu_zhong,gloo,akai,lancelot,atlas,lapu_lapu,valentina,yve,claude,grock,wan_wan,arlott,kaja,joy,fanny
4/14/2023,223,ECHO,OMG,11.30,ECHO,blue,karrie,arlott,lancelot,kagura,karrie,kaja,faramis,yve,beatrix,akai,melissa,gloo,helcurt,kadita,lesley,minsitthar,yu_zhong,valentina,wan_wan,pharsa,lylia
4/15/2023,224,RSG_PH,NXPE,24.41,RSG_PH,blue,lancelot,arlott,lancelot,kadita,beatrix,lolita,diggie,faramis,akai,claude,gloo,benedetta,fredrinn,kagura,melissa,kaja,wan_wan,fanny,joy,kufra,atlas
4/15/2023,225,RSG_PH,NXPE,15.07,RSG_PH,blue,joy,gloo,joy,valentina,brody,franco,diggie,faramis,fredrinn,akai,karrie,arlott,baxia,pharsa,claude,kaja,wan_wan,fanny,kadita,kufra,beatrix
4/15/2023,226,TNC,OMG,28.37,OMG,red,kagura,fredrinn,lancelot,pharsa,brody,franco,faramis,kaja,gloo,helcurt,yve,arlott,akai,kagura,beatrix,chou,diggie,fanny,wan_wan,lesley,valentina
4/15/2023,227,OMG,TNC,17.09,OMG,blue,karrie,arlott,akai,valentina,karrie,grock,diggie,franco,fanny,masha,lapu_lapu,yu_zhong,joy,yve,beatrix,chou,wan_wan,gloo,kaja,claude,minsitthar
4/15/2023,228,ONIC_PH,BREN,17.15,ONIC_PH,blue,kufra,grock,paquito,valentina,claude,kufra,fanny,gloo,diggie,melissa,karrie,arlott,fredrinn,pharsa,lesley,lolita,wan_wan,joy,kaja,terizla,yu_zhong
4/15/2023,229,ONIC_PH,BREN,15.07,ONIC_PH,blue,minsitthar,minsitthar,paquito,valentina,claude,kufra,fanny,gloo,diggie,helcurt,faramis,arlott,fredrinn,yve,brody,kaja,wan_wan,joy,grock,terizla,yu_zhong
4/16/2023,230,BLCK,NXPE,16.10,BLCK,blue,valentina,gloo,fredrinn,valentina,karrie,diggie,kaja,franco,claude,natalia,ling,arlott,fanny,pharsa,melissa,rafaela,wan_wan,estes,joy,brody,beatrix
4/16/2023,231,NXPE,BLCK,16.12,NXPE,blue,joy,arlott,joy,selena,beatrix,chou,estes,diggie,faramis,akai,karrie,benedetta,barats,valentina,brody,lolita,kaja,franco,wan_wan,natalia,yve
4/16/2023,232,BLCK,NXPE,18.10,NXPE,red,lesley,gloo,fredrinn,xavier,wan_wan,faramis,kaja,franco,selena,melissa,beatrix,arlott,hayabusa,valentina,lesley,lolita,estes,diggie,joy,yve,pharsa
4/16/2023,233,ECHO,RSG_PH,22.50,ECHO,blue,valentina,yu_zhong,lancelot,valentina,brody,kaja,faramis,fanny,kadita,pharsa,yve,arlott,joy,kagura,beatrix,kufra,wan_wan,fredrinn,gloo,minsitthar,karrie
4/16/2023,234,ECHO,RSG_PH,28.42,RSG_PH,red,karrie,gloo,fredrinn,valentina,beatrix,kufra,faramis,kadita,fanny,pharsa,ling,arlott,joy,yve,karrie,kaja,wan_wan,yu_zhong,lancelot,franco,grock
4/16/2023,235,ECHO,RSG_PH,20.08,ECHO,blue,pharsa,arlott,martis,pharsa,harith,kaja,fanny,kadita,gloo,beatrix,karrie,fredrinn,ling,valentina,brody,franco,wan_wan,lancelot,yu_zhong,melissa,akai
5/4/2023,236,BLCK,OMG,14.35,BLCK,blue,joy,joy,lancelot,pharsa,claude,faramis,fanny,kaja,arlott,franco,kufra,lapu_lapu,akai,valentina,wan_wan,angela,fredrinn,estes,yve,barats,minsitthar
5/4/2023,237,OMG,BLCK,13.35,BLCK,red,arlott,fredrinn,lancelot,pharsa,beatrix,chou,estes,joy,lapu_lapu,claude,akai,arlott,guinevere,yve,karrie,faramis,fanny,wan_wan,kaja,valentina,gloo
5/4/2023,238,BLCK,OMG,11.30,BLCK,blue,mathilda,arlott,akai,valentina,brody,mathilda,fanny,kaja,wan_wan,gloo,lancelot,terizla,baxia,yve,claude,faramis,fredrinn,estes,joy,karrie,lesley
5/4/2023,239,ONIC_PH,RSG_PH,24.41,RSG_PH,red,karrie,joy,lancelot,faramis,claude,kufra,fanny,kadita,valentina,ling,pharsa,arlott,baxia,yve,karrie,kaja,wan_wan,grock,fredrinn,lolita,akai
5/4/2023,240,ONIC_PH,RSG_PH,15.07,RSG_PH,red,hayabusa,arlott,lancelot,valentina,karrie,franco,fanny,kadita,joy,minsitthar,gloo,fredrinn,hayabusa,yve,beatrix,kaja,wan_wan,grock,akai,lolita,kufra
5/4/2023,241,ONIC_PH,RSG_PH,28.37,RSG_PH,red,arlott,joy,paquito,yve,claude,kufra,fanny,kaja,kadita,karrie,beatrix,arlott,fredrinn,valentina,melissa,franco,wan_wan,grock,akai,lolita,ruby
5/4/2023,242,BREN,BLCK,17.09,BLCK,red,karrie,benedetta,lancelot,valentina,claude,floryn,arlott,faramis,joy,brody,beatrix,gloo,fredrinn,yve,karrie,estes,fanny,wan_wan,kaja,kufra,lolita
5/4/2023,243,BLCK,BREN,17.15,BLCK,blue,terizla,terizla,fredrinn,yve,claude,estes,fanny,kaja,gloo,franco,lolita,lapu_lapu,hayabusa,faramis,beatrix,grock,joy,arlott,wan_wan,benedetta,brody
5/4/2023,244,BREN,BLCK,15.07,BREN,blue,joy,lapu_lapu,fredrinn,joy,karrie,floryn,arlott,yve,faramis,akai,estes,gloo,valentina,pharsa,claude,lolita,fanny,wan_wan,kaja,franco,kufra
5/4/2023,245,BLCK,BREN,16.10,BLCK,blue,moskov,joy,fredrinn,pharsa,moskov,estes,fanny,wan_wan,arlott,franco,kufra,gloo,baxia,faramis,beatrix,floryn,yve,kaja,valentina,melissa,claude
5/6/2023,246,ECHO,RSG_PH,16.12,RSG_PH,red,kufra,arlott,valentina,kagura,minsitthar,franco,fanny,kadita,kaja,yve,atlas,gloo,fredrinn,joy,beatrix,kufra,wan_wan,yu_zhong,lancelot,karrie,akai
5/6/2023,247,ECHO,RSG_PH,18.10,ECHO,blue,valentina,arlott,akai,valentina,beatrix,kufra,fanny,fredrinn,kaja,yve,kadita,gloo,martis,joy,karrie,franco,wan_wan,yu_zhong,lancelot,grock,faramis
5/6/2023,248,ECHO,RSG_PH,22.50,ECHO,blue,joy,joy,martis,kadita,beatrix,franco,fanny,kaja,fredrinn,melissa,akai,arlott,grock,valentina,karrie,kufra,wan_wan,yu_zhong,lancelot,minsitthar,gloo
5/6/2023,249,RSG_PH,ECHO,28.42,RSG_PH,blue,lancelot,minsitthar,lancelot,yve,melissa,franco,yu_zhong,kaja,fredrinn,faramis,claude,arlott,akai,joy,karrie,grock,wan_wan,fanny,gloo,valentina,kadita
5/6/2023,250,ECHO,RSG_PH,20.08,RSG_PH,red,arlott,joy,akai,valentina,brody,kufra,fanny,fredrinn,kaja,melissa,beatrix,arlott,martis,kadita,karrie,franco,wan_wan,yu_zhong,lancelot,claude,grock
5/6/2023,251,BREN,ECHO,14.35,ECHO,red,franco,gloo,helcurt,valentina,karrie,kufra,yu_zhong,kaja,fredrinn,terizla,benedetta,lapu_lapu,lancelot,kadita,beatrix,franco,wan_wan,joy,faramis,fanny,hayabusa
5/6/2023,252,ECHO,BREN,13.35,BREN,red,gloo,lapu_lapu,fredrinn,yve,lunox,akai,fanny,joy,kaja,claude,melissa,gloo,hayabusa,faramis,beatrix,lolita,wan_wan,yu_zhong,lancelot,kufra,hilda
5/6/2023,253,BREN,ECHO,11.30,ECHO,red,pharsa,arlott,fanny,julian,natan,kufra,yu_zhong,kaja,faramis,beatrix,brody,gloo,lancelot,pharsa,karrie,franco,wan_wan,joy,faramis,claude,yve
5/6/2023,254,ECHO,BREN,24.41,ECHO,blue,minsitthar,gloo,martis,kadita,minsitthar,franco,joy,kaja,faramis,fanny,hayabusa,terizla,fredrinn,yve,beatrix,grock,wan_wan,yu_zhong,lancelot,claude,karrie
5/6/2023,255,BLCK,RSG_PH,15.07,BLCK,blue,karrie,joy,akai,valentina,karrie,faramis,fanny,kaja,franco,kufra,lolita,arlott,lancelot,yve,melissa,grock,estes,wan_wan,fredrinn,baxia,claude
5/6/2023,256,RSG_PH,BLCK,28.37,BLCK,red,wan_wan,terizla,joy,pharsa,karrie,lolita,estes,faramis,arlott,akai,fredrinn,gloo,baxia,valentina,wan_wan,floryn,franco,kaja,fanny,minsitthar,lancelot
5/6/2023,257,BLCK,RSG_PH,17.09,RSG_PH,red,beatrix,joy,akai,yve,moskov,angela,fanny,franco,kaja,claude,arlott,esmeralda,fredrinn,valentina,beatrix,kufra,estes,faramis,wan_wan,floryn,karrie
5/6/2023,258,BLCK,RSG_PH,17.15,BLCK,blue,akai,gloo,akai,yve,brody,lolita,franco,kaja,joy,claude,kadita,fredrinn,fanny,valentina,beatrix,kufra,estes,faramis,wan_wan,floryn,moskov
5/7/2023,259,ECHO,RSG_PH,15.07,ECHO,blue,harith,lapu_lapu,fredrinn,pharsa,harith,kufra,kaja,franco,gloo,fanny,hayabusa,yu_zhong,baxia,kadita,karrie,atlas,wan_wan,lancelot,joy,valentina,faramis
5/7/2023,260,RSG_PH,ECHO,16.10,RSG_PH,blue,arlott,arlott,lancelot,valentina,harith,kaja,akai,fredrinn,yu_zhong,martis,minsitthar,gloo,karina,kadita,karrie,franco,wan_wan,joy,faramis,yve,pharsa
5/7/2023,261,ECHO,RSG_PH,16.12,ECHO,blue,yu_zhong,yu_zhong,fredrinn,yve,claude,faramis,kaja,franco,gloo,fanny,hayabusa,esmeralda,akai,kadita,melissa,kufra,wan_wan,lancelot,joy,atlas,harith
5/7/2023,262,RSG_PH,ECHO,18.10,RSG_PH,blue,beatrix,arlott,fredrinn,yve,beatrix,franco,yu_zhong,akai,kadita,harith,minsitthar,gloo,martis,faramis,karrie,kaja,wan_wan,joy,lancelot,fanny,hayabusa
5/7/2023,263,ECHO,RSG_PH,22.50,ECHO,blue,lancelot,lapu_lapu,lancelot,pharsa,karrie,kufra,franco,kaja,gloo,atlas,lolita,arlott,fredrinn,yve,beatrix,chou,wan_wan,joy,yu_zhong,harith,minsitthar
5/7/2023,264,ECHO,BLCK,28.42,ECHO,blue,lancelot,gloo,lancelot,pharsa,harith,lolita,estes,faramis,joy,karr,melissa,arlott,fredrinn,yve,brody,rafaela,kaja,franco,wan_wan,kufra,minsitthar
5/7/2023,265,BLCK,ECHO,20.08,ECHO,red,lapu_lapu,gloo,baxia,pharsa,karrie,faramis,franco,lancelot,lancelot,kufra,lolita,lapu_lapu,fredrinn,yve,beatrix,grock,estes,joy,wan_wan,claude,akai
5/7/2023,266,ECHO,BLCK,14.35,ECHO,blue,yve,joy,akai,yve,beatrix,chou,estes,faramis,valentina,melissa,claude,arlott,fredrinn,pharsa,karrie,mathilda,wan_wan,gloo,lancelot,franco,kaja
5/7/2023,267,BLCK,ECHO,13.35,ECHO,red,yu_zhong,gloo,fredrinn,valentina,karrie,faramis,franco,kaja,lapu_lapu,grock,beatrix,yu_zhong,lancelot,yve,harith,valir,estes,joy,wan_wan,claude,akai
2/17/2023,268,RBL,AURA,10.53,RBL,blue,beatrix,lapu_lapu,martis,lunox,beatrix,gloo,kadita,kaja,faramis,ling,lolita,paquito,fredrinn,valentina,claude,chou,wan_wan,joy,yve,ruby,hayabusa
2/17/2023,269,RBL,AURA,14.49,AURA,red,kadita,benedetta,fredrinn,valentina,beatrix,estes,kadita,kaja,gloo,ling,lapu_lapu,edith,lunox,faramis,claude,chou,wan_wan,joy,yve,ruby,yu_zhong
2/17/2023,270,AURA,RBL,16.10,RBL,red,harith,lapu_lapu,chou,pharsa,claude,kadita,wan_wan,valentina,gloo,brody,moskov,esmeralda,fanny,yve,harith,ruby,kaja,joy,fredrinn,akai,faramis
2/17/2023,271,RRQ,BTR,18.34,RRQ,blue,claude,gloo,fredrinn,pharsa,claude,grock,valentina,kaja,yve,karrie,atlas,edith,martis,kadita,hanabi,lolita,joy,wan_wan,faramis,diggie,melissa
2/17/2023,272,RRQ,BTR,19.48,RRQ,blue,claude,edith,fredrinn,lylia,claude,kadita,valentina,kaja,gloo,martis,karrie,benedetta,grock,pharsa,hanabi,mathilda,joy,wan_wan,yve,faramis,lolita
2/17/2023,273,ONIC,GEEK,16.40,GEEK,red,natalia,gloo,fredrinn,chou,natan,selena,hilda,kadita,kaja,hanzo,fanny,lapu_lapu,ling,faramis,valentina,natalia,wan_wan,hayabusa,joy,rafaela,mathilda
2/17/2023,274,ONIC,GEEK,22.05,ONIC,blue,kaja,paquito,martis,faramis,karrie,kaja,hilda,natalia,valentina,kadita,yve,lapu_lapu,fredrinn,lylia,brody,franco,hayabusa,joy,wan_wan,ling,gloo
2/17/2023,275,ONIC,GEEK,16.49,ONIC,blue,grock,gloo,julian,valentina,karrie,grock,hilda,natalia,faramis,kadita,yve,lapu_lapu,fredrinn,pharsa,moskov,ruby,hayabusa,wan_wan,joy,martis,ling
2/18/2023,276,AE,RRQ,14.04,RRQ,red,masha,yu_zhong,fanny,kadita,moskov,hilda,faramis,valentina,edith,harith,melissa,masha,fredrinn,pharsa,claude,kaja,wan_wan,joy,gloo,yve,atlas
2/18/2023,277,AE,RRQ,28.36,RRQ,red,fredrinn,yu_zhong,martis,lylia,karrie,kadita,faramis,valentina,kaja,lolita,ruby,fredrinn,hayabusa,pharsa,claude,grock,wan_wan,joy,gloo,yve,atlas
2/18/2023,278,GEEK,AURA,15.35,GEEK,blue,kaja,gloo,fanny,pharsa,karrie,kaja,faramis,kadita,claude,brody,moskov,yu_zhong,fredrinn,valentina,irithel,kufra,wan_wan,joy,natalia,harith,ling
2/18/2023,279,GEEK,AURA,13.45,GEEK,blue,kaja,gloo,karina,pharsa,karrie,kaja,kadita,claude,faramis,lunox,yu_zhong,masha,fredrinn,valentina,moskov,kufra,wan_wan,joy,natalia,ling,hayabusa
2/18/2023,280,EVOS,RBL,15.44,EVOS,blue,brody,grock,martis,yve,brody,franco,gloo,fredrinn,fanny,valentina,akai,lapu_lapu,ling,kadita,claude,ruby,joy,wan_wan,kaja,moskov,karrie
2/18/2023,281,EVOS,RBL,15.48,EVOS,blue,karrie,lapu_lapu,akai,yve,karrie,diggie,gloo,fredrinn,fanny,valentina,ruby,masha,lancelot,kadita,beatrix,chou,joy,wan_wan,kaja,franco,grock
2/18/2023,282,ONIC,BTR,27.26,ONIC,blue,fredrinn,lapu_lapu,fredrinn,pharsa,claude,kadita,faramis,valentina,gloo,hayabusa,martis,paquito,aamon,yve,karrie,grock,wan_wan,kaja,joy,fanny,ling
2/18/2023,283,BTR,ONIC,28.03,ONIC,red,ling,esmeralda,martis,gloo,karrie,kadita,faramis,kaja,fanny,harith,natalia,fredrinn,ling,yve,brody,grock,joy,wan_wan,valentina,hilda,lylia
2/19/2023,284,AE,EVOS,14.11,EVOS,red,moskov,gloo,fredrinn,valentina,melissa,natalia,fanny,kaja,claude,lapu_lapu,yu_zhong,terizla,martis,faramis,moskov,lolita,wan_wan,joy,yve,atlas,brody
2/19/2023,285,EVOS,AE,22.46,EVOS,blue,karrie,yu_zhong,chou,valentina,karrie,kadita,yve,fanny,gloo,natalia,ling,grock,fredrinn,pharsa,harith,ruby,joy,wan_wan,kaja,martis,akai
2/19/2023,286,BTR,AURA,28.11,AURA,red,fredrinn,edith,hanzo,yve,moskov,grock,kadita,faramis,claude,ling,lancelot,lapu_lapu,fredrinn,valentina,karrie,kaja,wan_wan,joy,gloo,martis,akai
2/19/2023,287,BTR,AURA,18.07,BTR,blue,pharsa,lapu_lapu,akai,pharsa,karrie,kaja,kadita,faramis,valentina,grock,kufra,fredrinn,aamon,yve,claude,ruby,wan_wan,joy,gloo,esmeralda,ling
2/19/2023,288,BTR,AURA,15.34,BTR,blue,yve,gloo,fanny,yve,moskov,atlas,kadita,faramis,valentina,ling,lunox,lapu_lapu,saber,pharsa,claude,kaja,wan_wan,joy,fredrinn,karrie,brody
2/24/2023,289,EVOS,GEEK,17.12,EVOS,blue,akai,gloo,akai,faramis,karrie,kaja,fanny,natalia,yve,lapu_lapu,lolita,fredrinn,aamon,valentina,moskov,ruby,wan_wan,kadita,joy,martis,brody
2/24/2023,290,GEEK,EVOS,25.29,GEEK,blue,moskov,yu_zhong,barats,faramis,karrie,natalia,kadita,fanny,yve,diggie,lapu_lapu,grock,fredrinn,valentina,moskov,lolita,wan_wan,joy,kaja,harith,brody
2/24/2023,291,EVOS,GEEK,17.08,EVOS,blue,akai,martis,akai,yve,karrie,yve,fanny,natalia,faramis,pharsa,lolita,lapu_lapu,fredrinn,valentina,claude,kufra,wan_wan,joy,kadita,yu_zhong,gloo
2/24/2023,292,RRQ,ONIC,18.10,ONIC,red,ling,lapu_lapu,martis,valentina,beatrix,kaja,kadita,faramis,gloo,harith,lunox,terizla,ling,pharsa,claude,kufra,joy,wan_wan,fredrinn,hilda,masha
2/24/2023,293,ONIC,RRQ,22.58,ONIC,blue,hayabusa,fredrinn,hayabusa,grock,claude,kadita,pharsa,hilda,gloo,martis,masha,edith,chou,yve,karrie,kaja,wan_wan,joy,fanny,faramis,terizla
2/24/2023,294,AE,RBL,14.18,AE,blue,lapu_lapu,lapu_lapu,fredrinn,pharsa,moskov,kaja,faramis,fanny,valentina,ruby,atlas,grock,martis,yve,melissa,gloo,wan_wan,joy,kadita,claude,karrie
2/24/2023,295,RBL,AE,13.49,AE,red,fredrinn,fredrinn,hayabusa,pharsa,beatrix,grock,valentina,kadita,gloo,lapu_lapu,atlas,terizla,akai,pharsa,beatrix,grock,joy,wan_wan,kaja,estes,ruby
2/25/2023,296,RRQ,AURA,15.08,RRQ,blue,claude,gloo,hayabusa,pharsa,claude,kufra,faramis,fanny,kaja,grock,lapu_lapu,yu_zhong,benedetta,valentina,harith,atlas,fredrinn,joy,wan_wan,franco,ling
2/25/2023,297,RRQ,AURA,16.56,RRQ,blue,beatrix,gloo,paquito,valentina,beatrix,grock,faramis,fanny,kaja,lapu_lapu,terizla,martis,benedetta,pharsa,claude,franco,fredrinn,joy,wan_wan,ling,hayabusa
2/25/2023,298,AE,ONIC,15.08,ONIC,red,karrie,grock,martis,pharsa,harith,ruby,faramis,valentina,claude,beatrix,brody,gloo,fanny,kadita,karrie,kufra,joy,wan_wan,fredrinn,hilda,terizla
2/25/2023,299,AE,ONIC,10.51,AE,blue,fredrinn,yu_zhong,fredrinn,pharsa,moskov,kaja,faramis,claude,kadita,atlas,grock,gloo,martis,valentina,harith,natalia,joy,wan_wan,terizla,lapu_lapu,hilda
2/25/2023,300,AE,ONIC,17.14,ONIC,red,melissa,lapu_lapu,fredrinn,julian,moskov,ruby,faramis,claude,kadita,atlas,grock,gloo,paquito,valentina,melissa,chou,joy,wan_wan,pharsa,terizla,kaja
2/25/2023,301,BTR,EVOS,14.54,EVOS,red,brody,gloo,ling,faramis,moskov,grock,kadita,fanny,valentina,melissa,claude,lapu_lapu,fredrinn,yve,brody,franco,joy,wan_wan,kaja,hanzo,akai
2/25/2023,302,EVOS,BTR,14.24,BTR,red,valentina,joy,fredrinn,faramis,claude,kufra,atlas,gloo,kaja,akai,lapu_lapu,khaleed,martis,valentina,karrie,franco,wan_wan,kadita,yve,melissa,lolita
2/25/2023,303,BTR,EVOS,17.35,BTR,blue,valentina,gloo,akai,valentina,brody,lolita,kadita,fanny,faramis,diggie,martis,lapu_lapu,fredrinn,yve,karrie,franco,wan_wan,joy,kaja,claude,atlas
2/25/2023,304,GEEK,RBL,18.26,RBL,red,yve,yu_zhong,fredrinn,faramis,claude,kadita,gloo,fanny,harith,ruby,chou,lapu_lapu,martis,yve,karrie,grock,wan_wan,joy,kaja,valentina,pharsa
2/25/2023,305,RBL,GEEK,17.09,RBL,blue,yve,gloo,fanny,yve,karrie,franco,valentina,faramis,natalia,akai,martis,lapu_lapu,fredrinn,pharsa,moskov,kufra,wan_wan,joy,kaja,yu_zhong,lunox
2/26/2023,306,ONIC,AURA,15.54,ONIC,blue,claude,dyrroth,paquito,pharsa,claude,kaja,fanny,faramis,hilda,beatrix,brody,gloo,benedetta,yve,karrie,grock,valentina,joy,wan_wan,terizla,hayabusa
2/26/2023,307,AURA,ONIC,31.35,AURA,blue,paquito,lapu_lapu,paquito,faramis,claude,lolita,valentina,kadita,gloo,ling,hayabusa,yu_zhong,fredrinn,pharsa,beatrix,grock,joy,wan_wan,fanny,atlas,masha
2/26/2023,308,ONIC,AURA,20.42,ONIC,blue,moskov,paquito,hayabusa,pharsa,moskov,chou,faramis,fanny,grock,benedetta,yve,gloo,martis,lylia,claude,atlas,joy,wan_wan,valentina,terizla,ling
2/26/2023,309,RRQ,EVOS,23.57,EVOS,red,akai,gloo,baxia,pharsa,claude,faramis,kadita,fanny,yve,moskov,melissa,lapu_lapu,akai,valentina,karrie,kaja,joy,wan_wan,fredrinn,martis,hayabusa
2/26/2023,310,EVOS,RRQ,23.06,RRQ,red,claude,gloo,martis,valentina,melissa,lolita,fanny,fredrinn,faramis,hayabusa,chou,edith,baxia,lunox,claude,kadita,wan_wan,joy,kaja,franco,diggie
2/26/2023,311,RRQ,EVOS,23.23,RRQ,blue,claude,terizla,martis,faramis,claude,lolita,fanny,yve,valentina,karrie,melissa,lapu_lapu,akai,lylia,moskov,kaja,joy,wan_wan,fredrinn,hayabusa,pharsa
3/3/2023,312,AE,GEEK,15.37,GEEK,red,yve,yu_zhong,akai,valentina,karrie,grock,faramis,fanny,arlott,beatrix,gloo,lapu_lapu,fredrinn,yve,brody,kaja,wan_wan,joy,pharsa,terizla,dyrroth
3/3/2023,313,AE,GEEK,17.11,GEEK,red,yve,gloo,grock,valentina,karrie,kadita,faramis,fanny,arlott,beatrix,brody,lapu_lapu,fredrinn,yve,melissa,kaja,wan_wan,joy,pharsa,yu_zhong,terizla
3/3/2023,314,RBL,BTR,21.38,BTR,red,faramis,arlott,akai,lunox,wan_wan,ruby,valentina,lolita,joy,martis,ling,benedetta,fanny,faramis,karrie,kaja,yve,gloo,fredrinn,lapu_lapu,franco
3/3/2023,315,BTR,RBL,25.39,RBL,red,claude,arlott,fredrinn,pharsa,melissa,kufra,yve,gloo,faramis,atlas,lapu_lapu,yu_zhong,lancelot,valentina,claude,grock,kaja,joy,wan_wan,diggie,franco
3/3/2023,316,RBL,BTR,17.17,RBL,blue,claude,arlott,fredrinn,lunox,claude,grock,valentina,wan_wan,joy,diggie,franco,lapu_lapu,fanny,pharsa,melissa,lolita,yve,gloo,kaja,yu_zhong,atlas
3/3/2023,317,AURA,EVOS,23.18,AURA,blue,claude,terizla,fredrinn,pharsa,claude,grock,fanny,yve,valentina,kadita,akai,gloo,kaja,kagura,brody,diggie,wan_wan,joy,faramis,atlas,lolita
3/3/2023,318,EVOS,AURA,30.50,EVOS,blue,claude,benedetta,fredrinn,lylia,harith,grock,fanny,yve,valentina,akai,lapu_lapu,gloo,arlott,pharsa,claude,kadita,wan_wan,joy,faramis,brody,beatrix
3/3/2023,319,EVOS,AURA,27.13,EVOS,blue,claude,lapu_lapu,ling,yve,claude,lolita,fredrinn,valentina,fanny,beatrix,harith,yu_zhong,akai,pharsa,karrie,kaja,joy,wan_wan,kadita,martis,grock
3/4/2023,320,BTR,GEEK,16.35,BTR,blue,grock,gloo,martis,lunox,claude,grock,wan_wan,joy,kaja,natalia,fanny,lapu_lapu,fredrinn,yve,karrie,edith,valentina,franco,kadita,lylia,pharsa
3/4/2023,321,BTR,GEEK,23.51,GEEK,red,natalia,fredrinn,hayabusa,pharsa,melissa,kaja,wan_wan,joy,claude,fanny,ling,lapu_lapu,baxia,lylia,valentina,natalia,faramis,gloo,yve,terizla,martis
3/4/2023,322,BTR,GEEK,14.41,GEEK,red,kaja,lapu_lapu,akai,valentina,claude,grock,wan_wan,joy,claude,karrie,fanny,yu_zhong,fredrinn,faramis,brody,kaja,yve,melissa,gloo,martis,gloo
3/4/2023,323,RBL,RRQ,12.02,RRQ,red,fredrinn,lapu_lapu,martis,julian,melissa,gloo,valentina,claude,kaja,moskov,karrie,edith,fredrinn,pharsa,irithel,faramis,yve,wan_wan,joy,grock,arlott
3/4/2023,324,RBL,RRQ,16.33,RRQ,red,joy,benedetta,lancelot,lunox,claude,franco,kaja,wan_wan,fredrinn,brody,beatrix,edith,joy,pharsa,melissa,kufra,yve,grock,gloo,hayabusa,fanny
3/4/2023,325,AE,AURA,16.13,AURA,red,edith,terizla,lancelot,pharsa,natan,kaja,faramis,fanny,claude,lapu_lapu,yu_zhong,edith,fredrinn,yve,melissa,grock,joy,wan_wan,valentina,hayabusa,karrie
3/4/2023,326,AE,AURA,15.56,AURA,red,paquito,lapu_lapu,baxia,pharsa,karrie,mathilda,faramis,fanny,claude,yu_zhong,gloo,paquito,fredrinn,yve,melissa,grock,joy,wan_wan,valentina,kaja,hayabusa
3/4/2023,327,EVOS,ONIC,14.39,EVOS,blue,claude,arlott,martis,faramis,claude,kaja,fanny,hayabusa,valentina,melissa,harith,terizla,ling,kadita,beatrix,grock,joy,wan_wan,fredrinn,hilda,masha
3/4/2023,328,EVOS,ONIC,18.27,ONIC,red,kufra,lapu_lapu,akai,yve,karrie,kaja,fanny,hayabusa,valentina,harith,ling,fredrinn,lancelot,faramis,melissa,kufra,joy,wan_wan,claude,diggie,arlott
3/4/2023,329,EVOS,ONIC,26.11,ONIC,red,kufra,yu_zhong,martis,faramis,brody,kaja,fanny,hayabusa,valentina,lancelot,atlas,terizla,fredrinn,pharsa,melissa,kufra,joy,wan_wan,claude,arlott,karrie
3/5/2023,330,AE,BTR,14.53,BTR,red,grock,lapu_lapu,fredrinn,yve,melissa,chou,faramis,fanny,wan_wan,pharsa,lylia,gloo,lancelot,lunox,claude,grock,kaja,valentina,joy,terizla,yu_zhong
3/5/2023,331,AE,BTR,11.20,BTR,red,atlas,terizla,fredrinn,yve,beatrix,franco,faramis,fanny,wan_wan,lancelot,hanzo,lapu_lapu,grock,lylia,claude,atlas,karrie,brody,joy,valentina,kaja
3/5/2023,332,RBL,ONIC,22.53,ONIC,red,fanny,paquito,fredrinn,yve,brody,grock,hayabusa,kaja,gloo,karrie,chou,arlott,fanny,pharsa,melissa,kufra,wan_wan,joy,claude,hilda,moskov
3/5/2023,333,RBL,ONIC,10.53,ONIC,red,chou,arlott,fredrinn,faramis,brody,ruby,fanny,gloo,kaja,terizla,akai,thamuz,chou,valentina,claude,kadita,wan_wan,joy,yve,melissa,karrie
3/10/2023,334,RRQ,GEEK,26.39,RRQ,blue,pharsa,lapu_lapu,fredrinn,pharsa,brody,kufra,natalia,fanny,yve,faramis,diggie,arlott,lancelot,valentina,karrie,kaja,wan_wan,joy,claude,melissa,edith
3/10/2023,335,RRQ,GEEK,15.39,GEEK,red,brody,thamuz,fredrinn,pharsa,beatrix,kufra,natalia,fanny,yve,faramis,karrie,arlott,lancelot,valentina,brody,kaja,wan_wan,joy,claude,edith,melissa
3/10/2023,336,GEEK,RRQ,17.18,GEEK,blue,karrie,gloo,lancelot,pharsa,karrie,kaja,claude,fredrinn,edith,harith,brody,arlott,fanny,yve,irithel,kufra,wan_wan,joy,valentina,akai,martis
3/10/2023,337,EVOS,AE,22.16,AE,red,karrie,arlott,fanny,cecilion,wan_wan,kufra,kaja,fredrinn,pharsa,lolita,moskov,phoveus,hayabusa,valentina,karrie,gloo,faramis,joy,yve,kadita,franco
3/10/2023,338,AE,EVOS,14.12,AE,blue,karrie,arlott,fredrinn,valentina,karrie,diggie,fanny,faramis,kaja,yve,pharsa,terizla,martis,kadita,brody,franco,wan_wan,joy,gloo,lancelot,hayabusa
3/10/2023,339,RBL,AURA,14.11,RBL,blue,beatrix,yu_zhong,fredrinn,yve,beatrix,kaja,joy,wan_wan,claude,karrie,lapu_lapu,arlott,alice,valentina,brody,chou,faramis,gloo,melissa,grock,atlas
3/10/2023,340,AURA,RBL,14.53,RBL,red,moskov,lapu_lapu,martis,faramis,melissa,franco,kaja,valentina,claude,fanny,lancelot,arlott,grock,yve,moskov,lolita,fredrinn,joy,wan_wan,akai,atlas
3/11/2023,341,RRQ,AE,17.38,RRQ,blue,fredrinn,edith,fredrinn,pharsa,claude,kufra,fanny,kaja,arlott,karrie,diggie,lapu_lapu,hayabusa,valentina,brody,gloo,joy,wan_wan,faramis,hilda,masha
3/11/2023,342,AE,RRQ,14.12,AE,blue,karrie,terizla,fredrinn,valentina,karrie,lolita,fanny,claude,faramis,melissa,brody,gloo,lancelot,pharsa,moskov,kaja,wan_wan,arlott,joy,atlas,grock
3/11/2023,343,RRQ,AE,19.10,AE,red,melissa,edith,fredrinn,faramis,karrie,diggie,fanny,arlott,kaja,martis,terizla,gloo,akai,valentina,melissa,estes,claude,joy,wan_wan,pharsa,yve
3/11/2023,344,AURA,GEEK,15.07,GEEK,red,arlott,yu_zhong,ling,yve,claude,diggie,kaja,natalia,fanny,lancelot,valentina,arlott,martis,pharsa,karrie,grock,joy,fredrinn,wan_wan,alice,akai
3/11/2023,345,AURA,GEEK,18.29,AURA,blue,kufra,phoveus,fredrinn,yve,melissa,kufra,kaja,natalia,fanny,moskov,franco,arlott,lancelot,valentina,irithel,grock,wan_wan,joy,claude,diggie,estes
3/11/2023,346,GEEK,AURA,17.41,GEEK,blue,gloo,gloo,fanny,yve,valentina,natalia,claude,fredrinn,melissa,alice,diggie,yu_zhong,martis,pharsa,karrie,grock,joy,wan_wan,kaja,harith,akai
3/11/2023,347,BTR,ONIC,24.42,ONIC,red,beatrix,lapu_lapu,alice,faramis,beatrix,kaja,pharsa,fanny,hayabusa,ling,lancelot,masha,fredrinn,valentina,claude,kufra,joy,wan_wan,melissa,lesley,diggie
3/11/2023,348,ONIC,BTR,11.18,ONIC,blue,beatrix,joy,fredrinn,kadita,beatrix,lolita,faramis,fanny,wan_wan,khaleed,esmeralda,arlott,kaja,lunox,claude,diggie,valentina,pharsa,yve,lylia,kufra
3/11/2023,349,EVOS,RBL,13.38,EVOS,blue,pharsa,lapu_lapu,akai,pharsa,claude,kadita,fredrinn,fanny,valentina,arlott,harith,gloo,martis,yve,karrie,grock,kaja,wan_wan,joy,ling,lancelot
3/11/2023,350,RBL,EVOS,24.26,EVOS,red,yve,lapu_lapu,lancelot,valentina,irithel,kaja,faramis,claude,gloo,kadita,lolita,arlott,fanny,yve,melissa,akai,wan_wan,joy,fredrinn,beatrix,karrie
3/12/2023,351,GEEK,ONIC,25.13,GEEK,blue,kaja,arlott,martis,faramis,karrie,kaja,fanny,fredrinn,kadita,terizla,gloo,thamuz,hayabusa,pharsa,claude,kufra,joy,wan_wan,natalia,hilda,lancelot
3/12/2023,352,GEEK,ONIC,14.04,ONIC,red,valentina,fredrinn,martis,faramis,melissa,diggie,kadita,fanny,hayabusa,ling,lancelot,arlott,chou,valentina,beatrix,hilda,joy,wan_wan,natalia,kaja,gloo
3/12/2023,353,GEEK,ONIC,14.27,ONIC,red,valentina,arlott,martis,faramis,melissa,grock,kadita,fanny,fredrinn,hayabusa,ling,thamuz,lancelot,valentina,claude,kaja,joy,wan_wan,natalia,diggie,hilda
3/12/2023,354,BTR,RRQ,27.40,RRQ,red,lolita,arlott,lancelot,pharsa,melissa,kaja,claude,fanny,yve,ling,hayabusa,lapu_lapu,akai,valentina,brody,lolita,wan_wan,joy,fredrinn,gloo,terizla
3/12/2023,355,BTR,RRQ,14.35,BTR,blue,kaja,gloo,alice,kagura,melissa,kaja,claude,fanny,yve,ling,hayabusa,lapu_lapu,baxia,valentina,beatrix,kufra,wan_wan,joy,fredrinn,pharsa,lunox
3/12/2023,356,BTR,RRQ,19.27,BTR,blue,kaja,paquito,fredrinn,valentina,karrie,kaja,claude,fanny,yve,hayabusa,hayabusa,lapu_lapu,martis,pharsa,melissa,kufra,wan_wan,joy,gloo,alice,arlott
3/17/2023,357,GEEK,EVOS,19.47,GEEK,blue,natalia,arlott,lancelot,lylia,valentina,natalia,fanny,kadita,claude,diggie,akai,fredrinn,paquito,faramis,melissa,estes,joy,wan_wan,kaja,yve,pharsa
3/17/2023,358,EVOS,GEEK,14.28,GEEK,red,franco,lapu_lapu,alice,valentina,karrie,atlas,natalia,kaja,fanny,brody,lolita,gloo,fredrinn,pharsa,beatrix,franco,wan_wan,claude,joy,akai,kadita
3/17/2023,359,AURA,BTR,11.48,BTR,red,pharsa,terizla,fredrinn,yve,karrie,natalia,wan_wan,joy,fanny,lancelot,valentina,gloo,hanzo,pharsa,melissa,kaja,kadita,claude,faramis,brody,beatrix
3/17/2023,360,AURA,BTR,26.13,BTR,red,pharsa,fredrinn,lancelot,yve,melissa,kufra,wan_wan,joy,fanny,hanzo,karrie,gloo,akai,pharsa,moskov,kaja,kadita,claude,faramis,terizla,arlott
3/17/2023,361,ONIC,RRQ,26.30,RRQ,red,yve,arlott,hayabusa,pharsa,beatrix,kaja,wan_wan,joy,fredrinn,hilda,lancelot,gloo,paquito,yve,claude,kufra,valentina,fanny,kadita,grock,melissa
3/17/2023,362,ONIC,RRQ,15.16,ONIC,blue,hayabusa,fredrinn,hayabusa,pharsa,beatrix,kufra,joy,wan_wan,yve,akai,paquito,gloo,lancelot,lylia,claude,lolita,valentina,fanny,kadita,arlott,terizla
3/17/2023,363,ONIC,RRQ,13.57,RRQ,red,faramis,thamuz,lancelot,pharsa,claude,kufra,joy,wan_wan,yve,diggie,masha,arlott,fredrinn,faramis,brody,franco,valentina,fanny,kadita,akai,terizla
3/18/2023,364,EVOS,BTR,23.04,BTR,red,joy,terizla,fredrinn,pharsa,wan_wan,franco,fanny,valentina,kaja,phoveus,melissa,gloo,joy,faramis,irithel,lolita,claude,kadita,yve,akai,martis
3/18/2023,365,BTR,EVOS,14.04,EVOS,red,melissa,fredrinn,hayabusa,yve,beatrix,franco,fanny,claude,kadita,akai,martis,yu_zhong,lancelot,faramis,melissa,lolita,joy,wan_wan,kaja,atlas,arlott
3/18/2023,366,EVOS,BTR,21.12,EVOS,blue,melissa,arlott,akai,yve,melissa,atlas,fanny,wan_wan,joy,gloo,lancelot,lapu_lapu,hanzo,faramis,karrie,kaja,claude,valentina,kadita,yu_zhong,lolita
3/18/2023,367,ONIC,AE,14.03,ONIC,blue,valentina,yu_zhong,akai,valentina,melissa,chou,gloo,faramis,pharsa,diggie,estes,arlott,fredrinn,yve,karrie,mathilda,claude,joy,wan_wan,fanny,lancelot
3/18/2023,368,AE,ONIC,14.46,ONIC,red,pharsa,arlott,fredrinn,valentina,karrie,grock,fanny,claude,faramis,lancelot,akai,yu_zhong,kaja,pharsa,melissa,kadita,joy,wan_wan,gloo,estes,diggie
3/18/2023,369,RBL,GEEK,19.12,GEEK,red,brody,yu_zhong,grock,lylia,claude,kaja,valentina,gloo,faramis,melissa,karrie,arlott,fredrinn,yve,brody,natalia,wan_wan,joy,fanny,lunox,kadita
3/18/2023,370,GEEK,RBL,13.48,RBL,red,valentina,terizla,lancelot,faramis,wan_wan,franco,yve,fanny,gloo,lolita,melissa,arlott,fredrinn,phoveus,valentina,natalia,kaja,joy,pharsa,yu_zhong,lapu_lapu
3/18/2023,371,RBL,GEEK,15.44,GEEK,red,brody,arlott,fredrinn,pharsa,moskov,lolita,valentina,kaja,natalia,lancelot,akai,gloo,martis,faramis,brody,franco,joy,wan_wan,yve,melissa,atlas
3/19/2023,372,RBL,AE,20.54,RBL,blue,arlott,arlott,fanny,faramis,valentina,grock,gloo,pharsa,kaja,kufra,ruby,edith,hayabusa,kadita,wan_wan,hilda,yve,joy,fredrinn,phoveus,natalia
3/19/2023,373,AE,RBL,17.11,AE,blue,estes,lapu_lapu,fredrinn,pharsa,melissa,estes,yve,fanny,faramis,arlott,claude,gloo,lancelot,grock,valentina,kadita,joy,kaja,wan_wan,diggie,edith
3/19/2023,374,RBL,AE,10.34,AE,red,kaja,esmeralda,grock,lunox,wan_wan,kaja,valentina,gloo,pharsa,lolita,estes,phoveus,fredrinn,faramis,karrie,diggie,yve,joy,fanny,lapu_lapu,yu_zhong
3/19/2023,375,AURA,ONIC,13.34,ONIC,red,hayabusa,uranus,akai,pharsa,melissa,kufra,fanny,valentina,fredrinn,yu_zhong,arlott,terizla,hayabusa,faramis,claude,kaja,kadita,joy,wan_wan,gloo,ling
3/19/2023,376,ONIC,AURA,25.11,AURA,red,paquito,fredrinn,ling,pharsa,beatrix,ruby,kadita,melissa,faramis,gloo,arlott,paquito,karina,yve,claude,kaja,joy,valentina,wan_wan,hayabusa,fanny
3/19/2023,377,ONIC,AURA,18.57,ONIC,blue,akai,yu_zhong,akai,yve,claude,grock,kadita,faramis,melissa,karrie,fanny,fredrinn,hanzo,pharsa,beatrix,kaja,joy,valentina,wan_wan,hayabusa,lancelot
3/23/2023,378,RRQ,EVOS,32.42,EVOS,red,melissa,benedetta,valentina,pharsa,brody,grock,kadita,fanny,wan_wan,martis,paquito,gloo,ling,yve,melissa,lolita,joy,claude,fredrinn,atlas,lancelot
3/23/2023,379,RRQ,EVOS,13.52,RRQ,blue,valentina,arlott,hayabusa,valentina,melissa,kufra,kadita,fanny,wan_wan,karrie,akai,yu_zhong,paquito,yve,beatrix,lolita,joy,claude,fredrinn,atlas,grock
3/23/2023,380,EVOS,RRQ,13.52,RRQ,red,yve,gloo,lancelot,faramis,karrie,kadita,fanny,valentina,claude,lolita,kufra,arlott,fredrinn,yve,beatrix,diggie,joy,wan_wan,melissa,akai,hanzo
3/23/2023,381,AE,GEEK,23.37,AE,blue,diggie,gloo,akai,pharsa,beatrix,diggie,fanny,natalia,valentina,yve,faramis,arlott,fredrinn,lylia,brody,hilda,joy,wan_wan,melissa,karrie,yu_zhong
3/23/2023,382,AE,GEEK,13.46,GEEK,red,beatrix,gloo,akai,pharsa,claude,mathilda,fanny,natalia,valentina,brody,karrie,arlott,fredrinn,yve,beatrix,franco,wan_wan,joy,diggie,yu_zhong,terizla
3/23/2023,383,AE,GEEK,18.05,AE,blue,atlas,yu_zhong,barats,pharsa,karrie,atlas,fanny,natalia,valentina,kaja,franco,arlott,fredrinn,faramis,brody,kufra,wan_wan,diggie,joy,estes,akai
3/24/2023,384,RBL,BTR,18.34,BTR,red,alice,lapu_lapu,paquito,pharsa,karrie,kaja,valentina,gloo,joy,fanny,hanzo,grock,alice,yve,melissa,lolita,arlott,fredrinn,wan_wan,yu_zhong,lancelot
3/24/2023,385,BTR,RBL,28.34,BTR,blue,ling,fredrinn,ling,pharsa,harith,lolita,arlott,fanny,valentina,akai,grock,yu_zhong,lancelot,yve,brody,kaja,joy,melissa,gloo,wan_wan,lapu_lapu
3/24/2023,386,EVOS,AURA,13.06,EVOS,blue,brody,arlott,akai,pharsa,brody,diggie,kadita,gloo,wan_wan,martis,ling,grock,johnson,valentina,claude,kufra,joy,fredrinn,kaja,fanny,beatrix
3/24/2023,387,EVOS,AURA,12.40,EVOS,blue,claude,lapu_lapu,akai,yve,claude,grock,kadita,gloo,wan_wan,harith,beatrix,fredrinn,ling,pharsa,karrie,angela,joy,kaja,arlott,hilda,fanny
3/24/2023,388,RRQ,GEEK,20.27,GEEK,red,yu_zhong,arlott,hayabusa,valentina,melissa,hilda,natalia,fanny,wan_wan,kaja,franco,yu_zhong,grock,yve,beatrix,kadita,fredrinn,joy,claude,kufra,lolita
3/24/2023,389,GEEK,RRQ,21.07,RRQ,red,gloo,lapu_lapu,fredrinn,valentina,beatrix,franco,claude,kufra,fanny,lolita,grock,gloo,baxia,yve,brody,kaja,joy,natalia,wan_wan,terizla,kadita
3/24/2023,390,RRQ,GEEK,12.20,GEEK,red,gloo,yu_zhong,akai,yve,melissa,kufra,natalia,fanny,wan_wan,kadita,diggie,gloo,lancelot,pharsa,beatrix,kaja,fredrinn,joy,claude,arlott,lapu_lapu
3/25/2023,391,ONIC,EVOS,13.44,ONIC,blue,valentina,masha,fredrinn,valentina,wan_wan,chou,yve,claude,akai,arlott,hanzo,phoveus,lancelot,pharsa,melissa,lolita,joy,kufra,hayabusa,fanny,ling
3/25/2023,392,ONIC,EVOS,14.30,ONIC,blue,pharsa,yu_zhong,fredrinn,pharsa,melissa,ruby,yve,claude,akai,beatrix,karrie,lapu_lapu,grock,arlott,valentina,kadita,joy,wan_wan,kufra,diggie,masha
3/25/2023,393,RRQ,RBL,13.35,RRQ,blue,paquito,lapu_lapu,paquito,pharsa,wan_wan,franco,fanny,gloo,valentina,karina,phoveus,arlott,lancelot,xavier,beatrix,lolita,claude,fredrinn,joy,yu_zhong,hayabusa
3/25/2023,394,RBL,RRQ,19.13,RBL,blue,martis,masha,martis,valentina,beatrix,grock,claude,yve,gloo,kaja,fanny,arlott,ling,pharsa,brody,kufra,joy,wan_wan,fredrinn,terizla,yu_zhong
3/25/2023,395,RRQ,RBL,17.33,RRQ,blue,martis,gloo,martis,yve,beatrix,hilda,fanny,valentina,wan_wan,terizla,masha,benedetta,lancelot,pharsa,harith,grock,joy,fredrinn,claude,franco,kaja
3/25/2023,396,AE,AURA,18.24,AURA,red,melissa,fredrinn,hayabusa,valentina,karrie,floryn,kadita,claude,fanny,akai,hilda,gloo,baxia,yve,melissa,kufra,joy,diggie,pharsa,atlas,mathilda
3/25/2023,397,AE,AURA,14.27,AE,blue,kufra,yu_zhong,fredrinn,valentina,karrie,kufra,kadita,melissa,yve,akai,atlas,arlott,baxia,pharsa,claude,ruby,joy,diggie,gloo,beatrix,fanny
3/25/2023,398,AURA,AE,15.32,AE,red,kadita,gloo,martis,lylia,claude,kaja,diggie,valentina,fredrinn,yu_zhong,beatrix,arlott,fanny,pharsa,lesley,kadita,joy,melissa,yve,hilda,kufra
3/25/2023,399,GEEK,BTR,15.33,BTR,red,valentina,gloo,fredrinn,pharsa,brody,franco,fanny,melissa,wan_wan,lapu_lapu,terizla,grock,alice,valentina,karrie,atlas,natalia,arlott,joy,claude,kaja
3/25/2023,400,GEEK,BTR,14.20,BTR,red,pharsa,lapu_lapu,martis,yve,wan_wan,hilda,fanny,valentina,gloo,beatrix,claude,esmeralda,fredrinn,pharsa,irithel,kaja,natalia,arlott,joy,franco,lolita
3/26/2023,401,RRQ,AURA,20.22,AURA,red,phoveus,arlott,paquito,valentina,wan_wan,grock,kadita,yve,kaja,melissa,lolita,akai,ling,pharsa,phoveus,kufra,joy,claude,fredrinn,diggie,franco
3/26/2023,402,RRQ,AURA,24.35,RRQ,blue,karrie,lapu_lapu,fredrinn,pharsa,karrie,franco,fanny,kadita,wan_wan,martis,akai,arlott,hanzo,yve,melissa,kufra,claude,joy,gloo,beatrix,atlas
3/26/2023,403,RRQ,AURA,14.55,RRQ,blue,beatrix,lapu_lapu,fredrinn,pharsa,beatrix,franco,fanny,kadita,wan_wan,kaja,atlas,arlott,akai,yve,melissa,lolita,claude,joy,gloo,diggie,grock
3/26/2023,404,ONIC,RBL,12.20,ONIC,blue,claude,arlott,fredrinn,valentina,claude,kadita,hylos,estes,lancelot,melissa,kaja,gloo,martis,pharsa,lesley,chou,joy,wan_wan,yve,fanny,hayabusa
3/26/2023,405,ONIC,RBL,17.20,ONIC,blue,wan_wan,masha,kaja,valentina,wan_wan,diggie,hylos,estes,fanny,karina,hayabusa,arlott,martis,phoveus,pharsa,lolita,joy,fredrinn,yve,grock,barats
3/26/2023,406,AE,BTR,16.53,BTR,red,ling,gloo,lancelot,pharsa,beatrix,masha,fanny,melissa,kaja,atlas,brody,esmeralda,ling,valentina,moskov,grock,arlott,joy,fredrinn,hilda,kufra
3/26/2023,407,BTR,AE,14.40,BTR,blue,ling,gloo,ling,lylia,harith,kaja,arlott,fanny,pharsa,yu_zhong,lapu_lapu,benedetta,fredrinn,yve,karrie,kadita,joy,melissa,valentina,wan_wan,claude
4/5/2023,408,AE,BTR,13.51,BTR,red,joy,edith,hayabusa,valentina,karrie,grock,fanny,gloo,melissa,faramis,yve,terizla,joy,pharsa,wan_wan,kaja,arlott,fredrinn,minsitthar,phoveus,franco
4/5/2023,409,BTR,AE,17.54,AE,red,faramis,fredrinn,alice,valentina,wan_wan,kaja,fanny,arlott,minsitthar,diggie,lolita,yu_zhong,barats,faramis,melissa,estes,joy,gloo,pharsa,hayabusa,ling
4/5/2023,410,AE,BTR,14.19,BTR,red,valentina,joy,martis,faramis,brody,lolita,fanny,gloo,melissa,khaleed,esmeralda,lapu_lapu,ling,valentina,karrie,kaja,arlott,fredrinn,minsitthar,masha,karina
4/5/2023,411,BTR,AE,14.01,AE,red,pharsa,terizla,alice,valentina,karrie,grock,fanny,arlott,faramis,fredrinn,barats,minsitthar,helcurt,pharsa,melissa,diggie,joy,gloo,kaja,ling,hayabusa
4/5/2023,412,AE,BTR,21.56,AE,blue,faramis,yu_zhong,akai,faramis,karrie,natalia,fanny,joy,ling,kaja,lolita,gloo,helcurt,pharsa,wan_wan,jawhead,arlott,minsitthar,melissa,diggie,estes
4/5/2023,413,GEEK,EVOS,17.26,GEEK,blue,gloo,gloo,lancelot,pharsa,melissa,kaja,fanny,claude,wan_wan,yu_zhong,minsitthar,fredrinn,ling,yve,brody,atlas,natalia,joy,arlott,karrie,beatrix
4/5/2023,414,GEEK,EVOS,20.50,GEEK,blue,gloo,gloo,grock,valentina,brody,kaja,claude,atlas,wan_wan,fanny,helcurt,terizla,lancelot,pharsa,melissa,akai,joy,natalia,arlott,karrie,beatrix
4/5/2023,415,EVOS,GEEK,16.44,EVOS,blue,kaja,yu_zhong,fredrinn,valentina,karrie,kaja,natalia,gloo,arlott,brody,estes,joy,lancelot,yve,beatrix,grock,wan_wan,claude,fanny,minsitthar,akai
4/5/2023,416,GEEK,EVOS,17.05,EVOS,red,lolita,joy,martis,faramis,brody,franco,claude,atlas,wan_wan,diggie,yu_zhong,terizla,lancelot,valentina,melissa,lolita,natalia,arlott,kaja,pharsa,yve
4/5/2023,417,EVOS,GEEK,24.01,EVOS,blue,franco,minsitthar,fredrinn,valentina,beatrix,franco,natalia,gloo,arlott,melissa,lolita,joy,lancelot,yve,karrie,grock,claude,kaja,wan_wan,fanny,brody
4/6/2023,418,RRQ,AE,20.43,RRQ,blue,melissa,minsitthar,fredrinn,faramis,melissa,kaja,fanny,pharsa,yu_zhong,barats,atlas,lapu_lapu,martis,valentina,beatrix,lolita,joy,claude,yve,masha,gloo
4/6/2023,419,RRQ,AE,15.44,AE,red,atlas,masha,lancelot,yve,brody,faramis,pharsa,yu_zhong,fredrinn,terizla,minsitthar,arlott,akai,valentina,beatrix,atlas,joy,claude,melissa,diggie,fanny
4/6/2023,420,RRQ,AE,10.57,AE,red,diggie,arlott,fredrinn,pharsa,irithel,minsitthar,atlas,estes,melissa,akai,yu_zhong,gloo,barats,valentina,beatrix,diggie,joy,claude,kaja,wan_wan,karrie
4/6/2023,421,AE,RRQ,23.12,AE,blue,estes,yu_zhong,akai,pharsa,melissa,estes,fanny,claude,joy,hayabusa,ling,lapu_lapu,fredrinn,faramis,beatrix,kaja,valentina,gloo,arlott,barats,atlas
4/6/2023,422,ONIC,EVOS,17.59,ONIC,blue,melissa,terizla,joy,kadita,melissa,kufra,claude,faramis,valentina,karrie,beatrix,minsitthar,fredrinn,lunox,brody,kaja,wan_wan,pharsa,yve,gloo,masha
4/6/2023,423,EVOS,ONIC,17.17,ONIC,red,beatrix,arlott,joy,yve,brody,estes,pharsa,wan_wan,melissa,hayabusa,lancelot,masha,fredrinn,valentina,beatrix,kadita,claude,faramis,minsitthar,karrie,moskov
4/6/2023,424,ONIC,EVOS,17.48,ONIC,blue,beatrix,fredrinn,hayabusa,faramis,beatrix,ruby,claude,yve,pharsa,akai,yu_zhong,masha,lancelot,valentina,karrie,kaja,wan_wan,joy,melissa,kufra,kadita
4/6/2023,425,RRQ,EVOS,32.11,EVOS,red,wan_wan,gloo,hayabusa,yve,beatrix,hilda,valentina,kadita,fanny,akai,martis,lapu_lapu,lancelot,pharsa,wan_wan,kaja,joy,claude,faramis,minsitthar,lolita
4/6/2023,426,EVOS,RRQ,22.58,RRQ,red,brody,yu_zhong,akai,yve,claude,angela,fanny,joy,wan_wan,franco,kufra,arlott,fredrinn,pharsa,brody,diggie,valentina,gloo,kaja,atlas,lancelot
4/6/2023,427,EVOS,RRQ,16.18,EVOS,blue,claude,yu_zhong,martis,yve,claude,minsitthar,fanny,joy,diggie,arlott,franco,lapu_lapu,fredrinn,pharsa,wan_wan,akai,valentina,gloo,kaja,lolita,lancelot
4/6/2023,428,EVOS,RRQ,26.37,RRQ,red,pharsa,yu_zhong,akai,yve,claude,franco,fanny,joy,diggie,atlas,hayabusa,arlott,fredrinn,pharsa,wan_wan,lolita,valentina,kaja,gloo,minsitthar,lancelot
4/6/2023,429,EVOS,RRQ,29.22,EVOS,blue,melissa,yu_zhong,lancelot,faramis,melissa,kadita,fanny,joy,arlott,diggie,lolita,lapu_lapu,fredrinn,pharsa,beatrix,atlas,valentina,kaja,franco,franco,estes
4/7/2023,430,AE,ONIC,22.12,ONIC,red,hilda,arlott,martis,pharsa,melissa,diggie,fanny,claude,joy,hayabusa,kaja,fredrinn,ling,valentina,beatrix,hilda,faramis,natalia,gloo,yu_zhong,barats
4/7/2023,431,ONIC,AE,12.54,ONIC,blue,chou,arlott,fredrinn,pharsa,wan_wan,chou,faramis,diggie,melissa,minsitthar,phoveus,yu_zhong,fanny,valentina,beatrix,gloo,joy,claude,kaja,kufra,masha
4/7/2023,432,ONIC,AE,16.18,ONIC,blue,kufra,fredrinn,ling,pharsa,beatrix,kufra,faramis,diggie,melissa,karrie,moskov,arlott,helcurt,valentina,brody,atlas,joy,claude,wan_wan,chou,kadita
4/8/2023,433,EVOS,AE,14.54,AE,red,martis,yu_zhong,akai,faramis,melissa,kadita,arlott,diggie,pharsa,atlas,lolita,lapu_lapu,martis,valentina,beatrix,estes,joy,gloo,claude,lancelot,kaja
4/8/2023,434,AE,EVOS,12.41,AE,blue,faramis,yu_zhong,fredrinn,faramis,melissa,diggie,fanny,joy,wan_wan,lancelot,franco,lapu_lapu,ling,valentina,claude,hilda,arlott,gloo,estes,akai,kaja
4/8/2023,435,AE,EVOS,19.38,EVOS,red,karrie,yu_zhong,akai,faramis,melissa,kufra,fanny,joy,claude,beatrix,wan_wan,lapu_lapu,lancelot,pharsa,karrie,kaja,diggie,arlott,estes,atlas,lolita
4/8/2023,436,AE,EVOS,22.43,EVOS,red,claude,yu_zhong,barats,faramis,melissa,lolita,fanny,joy,lancelot,franco,kaja,lapu_lapu,martis,pharsa,claude,atlas,diggie,estes,arlott,fredrinn,akai
4/8/2023,437,EVOS,AE,15.11,EVOS,blue,beatrix,minsitthar,martis,pharsa,beatrix,franco,diggie,estes,franco,atlas,akai,arlott,fredrinn,valentina,wan_wan,kadita,joy,claude,kaja,fanny,phoveus
4/9/2023,438,EVOS,ONIC,12.40,ONIC,red,valentina,lapu_lapu,lancelot,pharsa,beatrix,lolita,joy,fredrinn,melissa,kadita,atlas,gloo,fanny,valentina,wan_wan,kaja,claude,faramis,minsitthar,franco,diggie
4/9/2023,439,ONIC,EVOS,14.47,ONIC,blue,kadita,gloo,lancelot,kadita,melissa,hilda,claude,faramis,minsitthar,beatrix,akai,lapu_lapu,martis,pharsa,moskov,diggie,joy,fredrinn,wan_wan,hayabusa,fanny
4/9/2023,440,ONIC,EVOS,13.52,ONIC,blue,valentina,arlott,grock,valentina,melissa,kadita,claude,faramis,minsitthar,masha,yu_zhong,lapu_lapu,martis,pharsa,beatrix,kaja,joy,fredrinn,wan_wan,kufra,ruby
4/9/2023,441,EVOS,ONIC,15.17,ONIC,red,pharsa,arlott,lancelot,valentina,beatrix,grock,joy,melissa,wan_wan,karrie,moskov,fredrinn,hayabusa,pharsa,harith,chou,claude,faramis,minsitthar,atlas,kaja
7/14/2023,442,AURA,RRQ,13.58,RRQ,red,kadita,uranus,hayabusa,yve,beatrix,kufra,fanny,franco,angela,fredrinn,arlott,paquito,baxia,kadita,claude,kaja,joy,valentina,ling,lesley,harith
